opportunity_rank,destination_code,destination,export_2024,monthly_cv_2024,active_month_ratio_2024,h2_h1_momentum_2024,growth_2024,export_2023,H1,H2,log_export_2024,growth_log_ratio,momentum_log_ratio,growth_symmetric_2024,momentum_symmetric_2024,cluster,segment,scale_score,growth_score,momentum_score,activity_score,stability_score,market_scale,growth_momentum,growth_quality,size_score,opportunity_score,market_segment,decision_tier
1,251,France,972602996.0,0.30087940922974954,1.0,0.3875574576660499,2.1440461411368243,309347558.0,407363179.0,565239817.0,20.695486537360427,1.145510548188934,0.3275449760258802,1.0347597821623937,0.324647648936504,1,成熟核心市场,94.41624365482234,87.24489795918367,56.70103092783505,64.54081632653062,89.28571428571429,94.41624365482234,71.8274111675127,76.7766497461929,94.38775510204081,81.31469598148537,成熟核心市场,重点候选
2,36,Australia,1456510643.0,0.6845025853433185,1.0,2.062030897251781,1.01224028184432,723825408.0,358567101.0,1097943542.0,21.099309442267028,0.6992486687878952,1.1190783858524718,0.6720846859033108,1.0152709072926425,1,成熟核心市场,95.93908629441624,75.0,85.56701030927834,64.54081632653062,62.244897959183675,95.93908629441624,79.94923857868021,63.3248730964467,95.91836734693877,80.4297285924679,成熟核心市场,重点候选
3,860,Uzbekistan,146837513.0,1.4954253655403904,1.0,14.55306958449333,13.303148801340958,10266097.0,8870712.0,137966801.0,18.804837186457767,2.6604796183265265,2.7442579145938932,1.7386158854019969,1.758352976190764,0,加速扩张机会市场,81.21827411167513,95.91836734693877,95.87628865979381,64.54081632653062,27.040816326530617,81.21827411167513,95.43147208121827,45.81218274111675,81.12244897959184,78.00178834420366,高增长机会市场,重点候选
4,642,Romania,142004192.0,0.4240643550685942,1.0,0.5637854047861138,3.851918256884336,29267639.0,55388486.0,86615706.0,18.7713671432986,1.5793741165111932,0.44710941698399154,1.316463452767081,0.43980701640131864,1,成熟核心市场,79.69543147208121,91.3265306122449,62.88659793814433,64.54081632653062,80.10204081632654,79.69543147208121,76.90355329949239,72.20812182741116,79.59183673469387,77.75589101620028,成熟核心市场,重点候选
5,804,Ukraine,145053657.0,0.6557710716804614,1.0,1.6710696457875343,1.497760673240855,58073481.0,39512641.0,105541016.0,18.792614287103735,0.9153945894384705,0.9824789927532933,0.8564111802727216,0.9103993151996161,1,成熟核心市场,80.71065989847716,82.14285714285714,81.44329896907216,64.54081632653062,64.79591836734693,80.71065989847716,81.47208121827411,64.59390862944161,80.61224489795919,77.18151693667157,成熟核心市场,重点候选
6,682,Saudi Arabia,688258730.0,1.224298366760143,1.0,1.1162017739708365,1.6422148894538957,260485524.0,220864623.0,467394107.0,20.34967538770384,0.9716175363088126,0.7496228633807114,0.9017671605313353,0.7163860718483004,1,成熟核心市场,92.38578680203045,83.6734693877551,73.19587628865979,64.54081632653062,36.73469387755102,92.38578680203045,78.1725888324873,50.63451776649746,92.3469387755102,75.22590995160951,成熟核心市场,重点候选
7,842,USA,15336139169.0,0.28699010085037563,1.0,0.6198701003010609,0.1305725115486069,13564931937.0,5853778463.0,9482360706.0,23.453477917374713,0.12272415180142815,0.4823459609645866,0.1225703521854793,0.4732067442808167,1,成熟核心市场,100.0,47.44897959183674,65.4639175257732,64.54081632653062,89.79591836734694,100.0,56.345177664974614,77.03045685279187,100.0,74.87849779086893,成熟核心市场,重点候选
8,348,Hungary,734234463.0,0.3414816771448973,1.0,0.3721983385356036,0.375883986455281,533645620.0,309516473.0,424717990.0,20.41433896881336,0.3190964232756137,0.31641407959419965,0.31641611172781553,0.31380035344377455,1,成熟核心市场,93.90862944162437,64.79591836734694,55.154639175257735,64.54081632653062,86.22448979591837,93.90862944162437,59.898477157360404,75.25380710659898,93.87755102040816,74.78092783505154,成熟核心市场,重点候选
9,784,United Arab Emirates,303290372.0,0.3160145429830654,1.0,0.3453551253358747,0.9890316082042884,152481424.0,129315330.0,173975042.0,19.530201231304414,0.6876478879899821,0.2966580099249221,0.6617739374114321,0.29450135001318145,1,成熟核心市场,84.26395939086294,74.48979591836735,53.09278350515464,64.54081632653062,88.26530612244898,84.26395939086294,63.705583756345185,76.26903553299492,84.18367346938776,74.1899852724595,成熟核心市场,重点候选
10,688,Serbia,36997999.0,1.3774644252986126,1.0,7.769965343794627,20.072583598605945,1755741.0,3786912.0,33211087.0,17.42637441509347,3.0479722975399373,2.1713326207425663,1.8187797100357281,1.5905819663382337,0,加速扩张机会市场,68.52791878172589,96.42857142857143,92.26804123711341,64.54081632653062,28.57142857142857,68.52791878172589,93.90862944162436,46.5736040609137,68.36734693877551,73.81075110456554,高增长机会市场,重点候选
11,368,Iraq,41527908.0,0.6914839397889443,1.0,1.379566306476106,1.856066985950648,14540243.0,12287940.0,29239968.0,17.54187626519418,1.0494454539723534,0.8669181997280013,0.9626736219640987,0.8164161796929429,0,加速扩张机会市场,71.06598984771574,84.6938775510204,77.83505154639175,64.54081632653062,61.734693877551024,71.06598984771574,80.96446700507614,63.07106598984771,70.91836734693877,73.7302756154008,高增长机会市场,重点候选
12,566,Nigeria,292523323.0,0.43204569935461495,1.0,0.4492929237413876,0.7788323916225901,164446816.0,119431743.0,173091580.0,19.49405496162805,0.5759571866432083,0.37107579610328045,0.5605465043307786,0.3668756149060976,1,成熟核心市场,83.75634517766497,71.42857142857143,60.30927835051546,64.54081632653062,79.59183673469389,83.75634517766497,65.73604060913706,71.95431472081218,83.6734693877551,73.41389648642962,成熟核心市场,重点候选
13,428,Latvia,46507639.0,2.214249417705801,1.0,8.741143995682076,35.07530899438559,1289182.0,4329859.0,42177780.0,17.65512715813691,3.5856079157726626,2.2763583568675756,1.892111485824549,1.6276001884335602,0,加速扩张机会市场,73.09644670050761,97.44897959183673,93.29896907216495,64.54081632653062,12.755102040816325,73.09644670050761,94.9238578680203,38.70558375634518,72.95918367346938,73.2771407532085,高增长机会市场,重点候选
14,887,Yemen,15205817.0,0.6785516451924102,1.0,1.8540504768576767,5.777125877513764,2243697.0,3945412.0,11260405.0,16.53718867573927,1.9135527202765648,1.0487390406012462,1.4856711768591377,0.9621308739938144,0,加速扩张机会市场,57.868020304568525,93.36734693877551,82.9896907216495,64.54081632653062,62.755102040816325,57.868020304568525,87.81725888324874,63.57868020304568,57.6530612244898,73.10304018514623,高增长机会市场,重点候选
15,686,Senegal,22876993.0,0.8306617566276111,1.0,1.9529674998479427,2.346530999269752,6836032.0,5787296.0,17089697.0,16.945642334725736,1.2079241841353348,1.082810482615404,1.0797258777926515,0.9881019765141337,0,加速扩张机会市场,62.944162436548226,87.75510204081633,83.50515463917526,64.54081632653062,58.6734693877551,62.944162436548226,85.27918781725887,61.54822335025381,62.755102040816325,72.72143909110035,高增长机会市场,重点候选
16,764,Thailand,511094884.0,0.2214517029562351,1.0,0.0820172698197186,0.518783376664856,336515985.0,245480617.0,265614267.0,20.05206581586217,0.417909603255044,0.07882714100450627,0.41193171391482003,0.07878634918990893,1,成熟核心市场,89.34010152284264,67.3469387755102,38.144329896907216,64.54081632653062,94.38775510204081,89.34010152284264,52.79187817258883,79.31472081218274,89.28571428571429,71.86355985693247,成熟核心市场,重点候选
17,152,Chile,440992697.0,0.8446976424266589,1.0,1.2800106363357995,0.3015060767159283,338832607.0,134448557.0,306544140.0,19.904538875450907,0.26352211376743284,0.8241801038394136,0.26200763036537733,0.7804917594814501,1,成熟核心市场,87.81725888324873,60.204081632653065,75.77319587628865,64.54081632653062,57.6530612244898,87.81725888324873,67.76649746192894,61.04060913705584,87.75510204081633,71.63423101199241,成熟核心市场,重点候选
18,466,Mali,57905196.0,0.5396834639952477,1.0,0.1365798462885348,3.825140274823327,12000728.0,27101817.0,30803379.0,17.874317696718997,1.5738397408119305,0.12802361371183224,1.3133212572943032,0.12784904484219345,1,成熟核心市场,75.1269035532995,90.81632653061224,44.329896907216494,64.54081632653062,73.9795918367347,75.1269035532995,67.51269035532995,69.16243654822335,75.0,71.62108142225962,成熟核心市场,重点候选
19,246,Finland,708122878.0,0.3133564895990409,1.0,0.09721762470100768,0.3633855188525972,519385653.0,337648735.0,370474143.0,20.378128194508168,0.30997095802784713,0.09277754303385777,0.3075126897020319,0.09271105063773974,1,成熟核心市场,92.89340101522842,63.775510204081634,40.20618556701031,64.54081632653062,88.77551020408163,92.89340101522842,52.03045685279188,76.5228426395939,92.85714285714286,71.61266568483063,成熟核心市场,重点候选
20,894,Zambia,34999502.0,1.1540676734103674,0.9166666666666666,7.305947755134165,7.063191903702924,4340651.0,3760982.0,31238520.0,17.370844419352867,2.0873092941449922,2.116971621297422,1.558654385507855,1.5701673698100047,0,加速扩张机会市场,67.00507614213198,94.38775510204081,91.75257731958763,25.765306122448976,40.816326530612244,67.00507614213198,92.63959390862945,33.3756345177665,66.83673469387756,70.69745423942773,高增长机会市场,重点候选
21,208,Denmark,71759558.0,0.6507447890904927,1.0,0.4295664483745098,0.9032095800988826,37704496.0,29535952.0,42223606.0,18.088831630210983,0.643541701086864,0.3573712051740756,0.6222145216730234,0.3536157232183621,1,成熟核心市场,77.66497461928934,73.46938775510205,58.24742268041238,64.54081632653062,65.81632653061224,77.66497461928934,65.73604060913705,65.10152284263958,77.55102040816327,69.60866820955187,成熟核心市场,重点候选
22,704,Viet Nam,3709583575.0,0.1929629257785016,1.0,0.07224482600879517,0.1295088162738582,3284244905.0,1790128043.0,1919455532.0,22.034185463600195,0.12178286232655822,0.0697544190065571,0.12163257112076045,0.06972614924843687,1,成熟核心市场,98.47715736040608,46.93877551020408,36.08247422680412,64.54081632653062,95.91836734693878,98.47715736040608,41.6243654822335,80.0761421319797,98.46938775510205,69.33384178413634,成熟核心市场,重点候选
23,233,Estonia,16160329.0,0.6222764536323399,1.0,1.23725641693892,1.3555912741696456,6860413.0,4991983.0,11168346.0,16.598070031640802,0.8567916839054863,0.8052501905204448,0.8079597086835864,0.7643857993237637,0,加速扩张机会市场,58.88324873096447,79.59183673469387,75.25773195876289,64.54081632653062,68.36734693877551,58.88324873096447,77.15736040609137,66.37055837563452,58.673469387755105,69.26073006522196,高增长机会市场,重点候选
24,862,Venezuela,10764779.0,0.7870738055571329,1.0,0.9900295120443862,5.930023034028302,1553354.0,3600225.0,7164554.0,16.19179025197168,1.9358625861373842,0.6881493306151345,1.4955878459828287,0.6622205620756357,0,加速扩张机会市场,53.299492385786806,93.87755102040816,70.61855670103093,64.54081632653062,60.204081632653065,53.299492385786806,81.97969543147208,62.30964467005076,53.06122448979592,68.99616031979802,高增长机会市场,重点候选
25,116,Cambodia,21986196.0,0.8885938949112288,1.0,1.6851187462193342,1.1472442056859178,10239262.0,5966211.0,16019985.0,16.905925405328233,0.764185202999002,0.9877248475743876,0.7290468299938514,0.9145532951675679,0,加速扩张机会市场,61.92893401015228,76.53061224489795,81.95876288659794,64.54081632653062,56.12244897959184,61.92893401015228,78.93401015228426,60.27918781725889,61.73469387755102,68.91726278140122,高增长机会市场,重点候选
26,699,India,2158380442.0,0.1696682499143657,1.0,0.2097654437221371,-0.0193179930759533,2200897362.0,976746400.0,1181634042.0,21.492623982498287,-0.019507023919683064,0.1904264924766217,-0.019506405377967512,0.18985313062802484,1,成熟核心市场,96.95431472081218,35.714285714285715,47.42268041237113,64.54081632653062,97.44897959183673,96.95431472081218,41.6243654822335,80.83756345177665,96.93877551020408,68.56616873553544,成熟核心市场,重点候选
27,276,Germany,10254026944.0,0.12273587309582265,1.0,0.027040780663312298,0.0983968491177273,9335448251.0,5058618969.0,5195407975.0,23.05093633805949,0.09385170684695865,0.02668163868577622,0.09378287921000121,0.026680055893560952,1,成熟核心市场,99.49238578680203,43.36734693877551,31.958762886597935,64.54081632653062,100.0,99.49238578680203,37.81725888324873,82.10659898477158,99.48979591836735,68.53460972017673,成熟核心市场,重点候选
28,288,Ghana,28610094.0,1.5931601648191265,1.0,1.7226750240294566,1.810988699390948,10177947.0,7685359.0,20924735.0,17.169270185538082,1.0335362084789708,1.0016147794128294,0.9504036050699235,0.925503844901733,0,加速扩张机会市场,65.48223350253807,84.18367346938776,82.4742268041237,64.54081632653062,26.0204081632653,65.48223350253807,82.99492385786802,45.30456852791878,65.3061224489796,67.48974332000842,高增长机会市场,重点候选
29,76,Brazil,469840208.0,0.1772679641178563,1.0,0.030484559082335824,0.1700713609730908,401548336.0,231393145.0,238447063.0,19.96790321401072,0.15706473887242467,0.030029137199814926,0.15674264361226214,0.0300268809688591,1,成熟核心市场,88.83248730964468,51.02040816326531,32.98969072164948,64.54081632653062,96.93877551020408,88.83248730964468,42.13197969543147,80.58375634517766,88.77551020408163,66.98059120555438,成熟核心市场,重点候选
30,512,Oman,8889822.0,0.6981358855987527,1.0,3.0332159270220034,0.8427893050575941,4824112.0,1766231.0,7123591.0,16.000417697280632,0.6112802556218764,1.3945636287095322,0.592931247882628,1.2052794757870293,0,加速扩张机会市场,51.776649746192895,72.95918367346938,87.62886597938144,64.54081632653062,61.224489795918366,51.776649746192895,79.9492385786802,62.817258883248726,51.53061224489795,66.86250788975384,高增长机会市场,重点候选
31,360,Indonesia,439934833.0,0.15997635026786144,1.0,-0.03785346426226603,0.205874829457189,364826284.0,224210998.0,215723835.0,19.902137169362565,0.1872053026139966,-0.03858851568939059,0.1866604820073582,-0.03858372814957346,1,成熟核心市场,87.30964467005076,54.59183673469388,28.865979381443296,64.54081632653062,98.46938775510205,87.30964467005076,41.878172588832484,81.34517766497461,87.24489795918367,66.8191142436356,成熟核心市场,重点候选
32,404,Kenya,44079398.0,0.2113738882028546,1.0,0.26398683253849603,0.2808017486785668,34415473.0,19469812.0,24609586.0,17.601503088414717,0.2474862416308916,0.23427086764791838,0.24623073780196417,0.23320527199577454,1,成熟核心市场,71.57360406091371,58.16326530612245,50.0,64.54081632653062,95.40816326530611,71.57360406091371,54.06091370558376,79.82233502538071,71.42857142857143,66.73469387755102,成熟核心市场,重点候选
33,458,Malaysia,328871806.0,0.23280165365818098,1.0,0.02987203198271203,0.2089985628778035,272020014.0,162016029.0,166855777.0,19.61117858842165,0.18979238230976847,0.02943455355050517,0.1892247160229274,0.029432428756145792,1,成熟核心市场,85.78680203045685,55.10204081632652,32.47422680412371,64.54081632653062,93.87755102040816,85.78680203045685,43.90862944162436,79.06091370558374,85.71428571428571,66.52035556490637,成熟核心市场,重点候选
34,586,Pakistan,147114871.0,0.2574216242327909,1.0,-0.24686087840075058,0.7052382393719367,86272327.0,83915115.0,63199756.0,18.806724281752913,0.5337048260172956,-0.2835053079016667,0.5213871585192946,-0.2816215500063213,1,成熟核心市场,81.7258883248731,69.89795918367348,20.103092783505154,64.54081632653062,92.85714285714286,81.7258883248731,45.17766497461929,78.55329949238578,81.63265306122449,66.36755733221123,成熟核心市场,重点候选
35,400,Jordan,36751296.0,0.6734777777587533,1.0,1.1160479628929505,0.3323104450107983,27584634.0,11794201.0,24957095.0,17.41968407551736,0.28691460274512437,0.7495501357941095,0.28496244633441997,0.716322711449414,1,成熟核心市场,67.51269035532995,62.244897959183675,72.68041237113401,64.54081632653062,63.775510204081634,67.51269035532995,67.25888324873097,64.08629441624365,67.3469387755102,66.32179675994108,成熟核心市场,重点候选
36,384,Côte d'Ivoire,19963323.0,1.223681784545996,1.0,1.3288849424712357,1.495554814125239,7999553.0,5997000.0,13966323.0,16.809407348048634,0.9145109999586118,0.8453894924164,0.8556895220648978,0.7983964393102291,0,加速扩张机会市场,60.40609137055838,81.63265306122449,76.80412371134021,64.54081632653062,37.244897959183675,60.40609137055838,78.93401015228426,50.888324873096444,60.204081632653065,65.8710288239007,高增长机会市场,重点候选
37,344,"China, Hong Kong SAR",1167691542.0,0.14581914051530945,1.0,0.11337319212640382,-0.0833695449599473,1273895642.0,552525009.0,615166533.0,20.87829459657731,-0.08705088129119076,0.10739431880649164,-0.08699595140076719,0.10729121818028892,1,成熟核心市场,94.9238578680203,30.102040816326532,42.2680412371134,64.54081632653062,98.9795918367347,94.9238578680203,36.29441624365482,81.59898477157361,94.89795918367348,65.74952661476962,成熟核心市场,重点候选
38,203,Czechia,546515157.0,0.3735488588812545,1.0,0.6164758818721431,-0.1424144506661286,637271882.0,208874525.0,337640632.0,20.119072601701248,-0.15363433867073084,0.48024839627846916,-0.15333285803951094,0.4712261145942929,1,成熟核心市场,90.35532994923858,26.02040816326531,64.94845360824742,64.54081632653062,83.6734693877551,90.35532994923858,45.431472081218274,73.98477157360406,90.3061224489796,65.59173153797602,成熟核心市场,重点候选
39,496,Mongolia,63852471.0,2.0735050792709235,1.0,34.781695118333396,0.2212635191126177,52283942.0,1735985.0,62116486.0,17.972085855433402,0.1998859907460968,3.577435893156702,0.19922311532042927,1.8912502540426352,0,加速扩张机会市场,76.6497461928934,56.12244897959183,99.48453608247422,64.54081632653062,14.795918367346943,76.6497461928934,77.41116751269035,39.72081218274111,76.53061224489795,65.5601725226173,高增长机会市场,重点候选
40,826,United Kingdom,1630275744.0,0.25895583444520304,1.0,0.04975117985253534,0.0263805819689795,1588373526.0,795352997.0,834922747.0,21.212015006169327,0.02603861554365494,0.04855316445863167,0.026037144457184053,0.04854362845749363,1,成熟核心市场,96.44670050761421,37.755102040816325,34.02061855670103,64.54081632653062,92.34693877551021,96.44670050761421,36.04060913705584,78.2994923857868,96.42857142857143,65.47759309909532,成熟核心市场,重点候选
41,528,Netherlands,2407019653.0,0.21683458755210527,1.0,0.26547601679985366,-0.3387183539837166,3639931136.0,1062478541.0,1344541112.0,21.601655161065068,-0.41357543894444504,0.2354483490652477,-0.4077795656094267,0.23436665392278788,1,成熟核心市场,97.96954314720813,19.387755102040817,51.03092783505154,64.54081632653062,94.89795918367346,97.96954314720813,35.27918781725889,79.56852791878173,97.95918367346938,65.1296549547654,成熟核心市场,重点候选
42,608,Philippines,141528229.0,0.5562573351318517,1.0,0.9065948820000744,0.0659850759318059,132767552.0,48692107.0,92836122.0,18.768009760449385,0.06389932511544671,0.645318856948645,0.06387759205089633,0.6238192240786112,1,成熟核心市场,79.18781725888326,40.30612244897959,69.58762886597938,64.54081632653062,72.95918367346938,79.18781725888326,54.82233502538071,68.65482233502539,79.08163265306123,65.11650536503261,成熟核心市场,重点候选
43,218,Ecuador,8008229.0,1.0808575571200287,1.0,1.962012177594789,1.3116822347623995,3464243.0,2021253.0,5986976.0,15.895980320843467,0.837975335860623,1.0858684993982841,0.7921546463569491,0.9904119874693893,0,加速扩张机会市场,50.25380710659898,79.08163265306123,84.02061855670104,64.54081632653062,46.42857142857143,50.25380710659898,81.21827411167513,55.45685279187818,50.0,64.99289922154429,高增长机会市场,重点候选
44,388,Jamaica,15436726.0,0.5586136675138111,1.0,0.7616292560070572,0.460243901100845,10571334.0,5589717.0,9847009.0,16.552260098224288,0.37860344750168196,0.5662390171355653,0.3741449381460978,0.5515796549086899,1,成熟核心市场,58.37563451776649,66.3265306122449,68.04123711340206,64.54081632653062,71.93877551020408,58.37563451776649,67.00507614213198,68.14720812182742,58.16326530612245,64.88375762676203,成熟核心市场,重点候选
45,531,Curaçao,6846330.0,3.032632718356997,1.0,22.666303979708747,8.605271280416629,712768.0,277558.0,6568772.0,15.739223446304583,2.262310782571742,3.164048812846101,1.6228290729925714,1.8378354534473214,0,加速扩张机会市场,48.223350253807105,94.89795918367348,98.4536082474227,64.54081632653062,4.081632653061234,48.223350253807105,96.19289340101523,34.390862944162436,47.95918367346938,64.86929307805597,高增长机会市场,重点候选
46,694,Sierra Leone,8251574.0,1.0575083114659742,1.0,0.5901015471413715,4.241057920109755,1574410.0,3185811.0,5065763.0,15.925914649180951,1.6565228571366148,0.4637977638312769,1.3590830190645538,0.45565900517889074,0,加速扩张机会市场,50.76142131979695,92.3469387755102,64.43298969072166,64.54081632653062,48.46938775510205,50.76142131979695,78.1725888324873,56.47208121827411,50.51020408163265,64.85088365243004,高增长机会市场,重点候选
47,392,Japan,2327215411.0,0.14018151083315225,1.0,-0.05040000534879839,-0.0407911575507892,2426182191.0,1193688663.0,1133526748.0,21.567938287674043,-0.041646456727061576,-0.05171444127489977,-0.041640438392260545,-0.05170291904705851,1,成熟核心市场,97.46192893401016,33.6734693877551,26.804123711340207,64.54081632653062,99.48979591836735,97.46192893401016,30.45685279187817,81.85279187817258,97.44897959183673,64.39143698716599,成熟核心市场,重点候选
48,324,Guinea,9119939.0,0.846460472987925,1.0,1.5319893094643617,0.6466228118005868,5538572.0,2582097.0,6537842.0,16.025973783081504,0.4987263387652163,0.9290050477761564,0.4886399443981725,0.8674937409120829,0,加速扩张机会市场,52.28426395939086,69.38775510204081,80.41237113402062,64.54081632653062,57.142857142857146,52.28426395939086,74.61928934010152,60.786802030456855,52.04081632653062,64.06716810435515,高增长机会市场,重点候选
49,508,Mozambique,20212467.0,0.5448544955367338,1.0,1.2093790395172261,0.1800662963349373,17128247.0,6297937.0,13914530.0,16.82181019968752,0.16557061132536788,0.7927114115392229,0.1651934132807423,0.7536529806084532,1,成熟核心市场,61.42131979695431,52.04081632653062,74.22680412371135,64.54081632653062,73.46938775510205,61.42131979695431,62.944162436548226,68.90862944162436,61.224489795918366,63.69740164106881,成熟核心市场,重点候选
50,858,Uruguay,11165271.0,0.37038333096765264,1.0,0.43084686123565014,0.484931470047804,7519048.0,4593161.0,6572110.0,16.2283188048047,0.3953685796417261,0.3582664140817453,0.39029766083527045,0.35448293194137426,1,成熟核心市场,53.80710659898477,66.83673469387756,58.76288659793815,64.54081632653062,84.6938775510204,53.80710659898477,62.69035532994924,74.49238578680203,53.57142857142857,63.69135282979172,成熟核心市场,重点候选
51,752,Sweden,144352878.0,0.4101053763388728,1.0,0.35960384487941766,0.0749385526810999,134289423.0,61176743.0,83176135.0,18.787771408453477,0.07226349913013053,0.3071933624613905,0.07223206931527601,0.30480018555639743,1,成熟核心市场,80.20304568527918,40.816326530612244,54.123711340206185,64.54081632653062,80.61224489795919,80.20304568527918,47.461928934010146,72.46192893401016,80.10204081632652,63.6053545129392,成熟核心市场,重点候选
52,800,Uganda,13913583.0,0.6508267177176885,1.0,0.33466458284532224,1.4954521290715077,5575576.0,5959564.0,7954019.0,16.448376187074256,0.9144698193614751,0.2886799694040434,0.8556559059321134,0.2866917888799743,1,成熟核心市场,55.32994923857868,81.12244897959184,52.57731958762887,64.54081632653062,65.3061224489796,55.32994923857868,66.751269035533,64.84771573604061,55.10204081632652,63.576688407321704,成熟核心市场,重点候选
53,702,Singapore,150141136.0,0.2624563749910673,1.0,0.021849926705464776,0.1598745762808757,129446010.0,74259288.0,75881848.0,18.827086323012384,0.1483118743118368,0.021614637957164007,0.1480406112804628,0.021613796767862473,1,成熟核心市场,82.23350253807106,50.0,30.927835051546392,64.54081632653062,91.83673469387755,82.23350253807106,40.60913705583756,78.04568527918781,82.14285714285714,63.558015989901115,成熟核心市场,重点候选
54,643,Russian Federation,326426376.0,0.3322076633396299,1.0,0.11344314127060695,0.0355857258326861,315209420.0,154452405.0,171973971.0,19.603714989676376,0.03496718521565256,0.10745714268102091,0.034963622883658445,0.10735386162544659,1,成熟核心市场,85.27918781725889,38.265306122448976,42.78350515463917,64.54081632653062,86.73469387755102,85.27918781725889,40.609137055837564,75.50761421319797,85.20408163265306,63.14853776562171,成熟核心市场,重点候选
55,705,Slovenia,371241729.0,0.5158229367142376,1.0,-0.14483043547309152,0.2606442949664493,294485709.0,200112020.0,171129709.0,19.732363971738792,0.23162293478035423,-0.15645550777797723,0.2305929292342011,-0.15613714049909513,1,成熟核心市场,86.29441624365482,56.63265306122449,23.195876288659793,64.54081632653062,75.51020408163265,86.29441624365482,40.101522842639596,69.92385786802029,86.22448979591837,62.44529770671155,成熟核心市场,重点候选
56,191,Croatia,14542584.0,0.25539001573685993,1.0,0.40532318888521335,0.1976619599393139,12142478.0,6046000.0,8496584.0,16.492591799687226,0.1803712759493159,0.34026725630546295,0.17988386161516132,0.3370218112544511,1,成熟核心市场,56.852791878172596,54.08163265306123,57.21649484536082,64.54081632653062,93.36734693877551,56.852791878172596,55.58375634517766,78.80710659898477,56.63265306122449,62.41268672417421,成熟核心市场,重点候选
57,591,Panama,51771591.0,0.4079259916127054,1.0,-0.009793154398592928,0.3052772398538488,39663291.0,26013171.0,25758420.0,17.762352139805696,0.2664154566473904,-0.009841422346259066,0.26485078200243095,-0.00984134329578552,1,成熟核心市场,74.61928934010153,60.71428571428571,29.896907216494846,64.54081632653062,81.12244897959184,74.61928934010153,45.43147208121828,72.71573604060913,74.48979591836735,62.12734062697243,成熟核心市场,重点候选
58,170,Colombia,37620656.0,0.32267201355316777,1.0,0.5011656944180632,-0.0113199006585672,38051394.0,15041249.0,22579407.0,17.443063845799497,-0.011384458086890703,0.4062419137156432,-0.011384335431642198,0.4007456967257562,1,成熟核心市场,69.54314720812182,36.734693877551024,61.34020618556701,64.54081632653062,87.75510204081633,69.54314720812182,48.984771573604064,76.01522842639594,69.38775510204081,61.88538817588891,成熟核心市场,重点候选
59,214,Dominican Rep.,23300139.0,1.2319923916869362,1.0,3.3949244020468177,0.1825196521667107,19703807.0,4318900.0,18981239.0,16.96396992710157,0.16764745258090485,1.4804501512329153,0.1672559071672167,1.2585623630828984,0,加速扩张机会市场,63.45177664974619,52.55102040816326,89.17525773195877,64.54081632653062,36.224489795918366,63.45177664974619,70.55837563451777,50.38071065989847,63.26530612244898,61.840153587208086,高增长机会市场,重点候选
60,834,United Rep. of Tanzania,22244334.0,0.3951516596752398,1.0,0.1588532666626099,0.3276002600968828,16755295.0,10303773.0,11940561.0,16.91759792741715,0.2833729820514037,0.14743093964183274,0.2814918572686935,0.14716448692057943,1,成熟核心市场,62.43654822335025,61.73469387755102,44.84536082474227,64.54081632653062,81.63265306122449,62.43654822335025,53.299492385786806,72.96954314720813,62.244897959183675,61.77519461392805,成熟核心市场,重点候选
61,144,Sri Lanka,10341816.0,0.8158226432710028,1.0,0.5030462096400216,0.8302404927827034,5650523.0,4131692.0,6210124.0,16.151706136945158,0.604447294760103,0.4074937742308311,0.5866925407221545,0.4019472015359778,4,一般稳定市场,52.79187817258884,72.44897959183673,61.855670103092784,64.54081632653062,59.183673469387756,52.79187817258884,67.00507614213197,61.80203045685279,52.55102040816326,61.580317694087945,常规培育市场,培育候选
62,616,Poland,679459457.0,0.26531566669153,1.0,0.3037741272606577,-0.4176110799346592,1166676483.0,294933192.0,384526265.0,20.336808125316317,-0.5406168062790897,0.26526323242005745,-0.5278235642820539,0.2637186724740811,1,成熟核心市场,91.87817258883248,13.77551020408163,51.546391752577314,64.54081632653062,90.81632653061224,91.87817258883248,32.74111675126903,77.53807106598984,91.83673469387756,61.38070692194404,成熟核心市场,重点候选
63,818,Egypt,40141594.0,0.35443410856077995,1.0,0.1156197742406062,0.1450227219794699,35057465.0,18973917.0,21167677.0,17.50792363646728,0.1354244777200755,0.1094100963587259,0.13521788883023125,0.10930109053467084,1,成熟核心市场,70.55837563451777,48.97959183673469,43.29896907216495,64.54081632653062,85.71428571428572,70.55837563451777,46.192893401015226,75.0,70.40816326530613,61.338365243004425,成熟核心市场,重点候选
64,104,Myanmar,102955104.0,0.5286295908199669,1.0,-0.2799183430254865,0.4538726996252893,70814387.0,59854777.0,43100327.0,18.449803577386913,0.3742308190304371,-0.32839065444356663,0.36992359032691186,-0.32547099364787196,1,成熟核心市场,78.68020304568529,65.81632653061224,18.04123711340206,64.54081632653062,74.48979591836735,78.68020304568529,42.13197969543147,69.41624365482232,78.57142857142857,61.2613086471702,成熟核心市场,重点候选
65,579,Norway,47039485.0,0.44977739096430636,1.0,0.4170509292182728,-0.0126849958190823,47643847.0,19461520.0,27577965.0,17.6664979346242,-0.012766137025373325,0.3485778865196316,-0.012765963918549042,0.34509072537677654,1,成熟核心市场,74.11167512690355,36.224489795918366,57.73195876288659,64.54081632653062,78.57142857142857,74.11167512690355,46.954314720812185,71.44670050761421,73.9795918367347,61.03618767094467,成熟核心市场,重点候选
66,180,Dem. Rep. of the Congo,26547467.0,1.6067883295450338,1.0,1.4372741200871584,0.3436619592845247,19757549.0,7723407.0,18824060.0,17.09444493387284,0.2953986791302228,0.8908801745606354,0.2932692216324901,0.8362871681882117,0,加速扩张机会市场,64.46700507614213,62.755102040816325,78.35051546391753,64.54081632653062,25.51020408163265,64.46700507614213,70.30456852791878,45.05076142131979,64.28571428571429,60.92520513359984,高增长机会市场,重点候选
67,446,"China, Macao SAR",2658752.0,1.6259246235004114,1.0,5.345085461230962,3.307826912576496,617191.0,361977.0,2296775.0,14.793367773845736,1.4604323362213965,1.8476782429331404,1.2463959232501909,1.455418181161688,0,加速扩张机会市场,33.50253807106599,89.79591836734694,91.23711340206185,64.54081632653062,24.48979591836735,33.50253807106599,90.1015228426396,44.54314720812182,33.16326530612245,60.77293288449401,高增长机会市场,重点候选
68,417,Kyrgyzstan,4311378.0,0.8887146830784736,1.0,3.381775468195884,0.3634695565934149,3162064.0,801107.0,3510271.0,15.276768364501981,0.3100325113519702,1.4774530368948984,0.3075728693686256,1.2567508578463777,0,加速扩张机会市场,39.59390862944163,64.28571428571429,88.65979381443299,64.54081632653062,55.61224489795919,39.59390862944163,76.14213197969542,60.025380710659896,39.285714285714285,60.385019987376396,高增长机会市场,重点候选
69,484,Mexico,581774782.0,0.16632712435427383,1.0,-0.04298756407651829,-0.1995602784065986,726818980.0,297276998.0,284497784.0,20.181593960012815,-0.22259404998276366,-0.043938892767130255,-0.22167948864179288,-0.04393182515085365,1,成熟核心市场,90.86294416243655,24.489795918367346,28.350515463917525,64.54081632653062,97.95918367346938,90.86294416243655,26.649746192893403,81.09137055837563,90.81632653061224,60.18540921523248,成熟核心市场,重点候选
70,100,Bulgaria,68850612.0,0.8038078705418931,1.0,1.1718838970897982,-0.1305404334567845,79187825.0,21706536.0,47144076.0,18.04744968651252,-0.1398834463360039,0.7755949214069098,-0.13965579763585317,0.7389197934798314,1,成熟核心市场,77.15736040609137,27.55102040816326,73.71134020618557,64.54081632653062,59.69387755102041,77.15736040609137,50.50761421319797,62.055837563451774,77.04081632653062,60.15043130654323,成熟核心市场,重点候选
71,716,Zimbabwe,36872694.0,0.5182983641811296,1.0,0.8590575956826499,-0.0613803731283899,39283958.0,12896800.0,23975894.0,17.422981862195947,-0.06334496338140383,0.6200696545071303,-0.06332379212258438,0.600937593548223,1,成熟核心市场,68.02030456852792,32.142857142857146,68.55670103092784,64.54081632653062,75.0,68.02030456852792,50.253807106598984,69.67005076142132,67.85714285714286,59.80827898169578,成熟核心市场,重点候选
72,724,Spain,1170299687.0,0.38762563929274035,1.0,0.10905632198659167,-0.3723161893331943,1864473270.0,554892572.0,615407115.0,20.880525696546652,-0.4657187251868926,0.10350949318331004,-0.4574797474709407,0.10341717369014386,1,成熟核心市场,95.43147208121827,15.306122448979592,41.23711340206185,64.54081632653062,82.14285714285714,95.43147208121827,28.426395939086294,73.2233502538071,95.40816326530613,59.471912476330736,成熟核心市场,重点候选
73,703,Slovakia,447276000.0,0.5580407402947282,1.0,1.0241937324160288,-0.6002700578477709,1118945450.0,147899255.0,299376745.0,19.918686413934413,-0.9169661031642882,0.705171461020349,-0.8576941019419699,0.6773334138205492,1,成熟核心市场,88.3248730964467,5.612244897959184,71.1340206185567,64.54081632653062,72.44897959183675,88.3248730964467,38.3248730964467,68.40101522842639,88.26530612244898,59.430885756364404,成熟核心市场,重点候选
74,340,Honduras,7072441.0,1.1781388666826618,1.0,1.1055109722383225,0.7749651654690415,3984552.0,2277384.0,4795057.0,15.771716381346573,0.5737806880716168,0.7445579492810754,0.5585404639398796,0.71196719774686,0,加速扩张机会市场,49.23857868020304,70.91836734693877,72.16494845360825,64.54081632653062,38.775510204081634,49.23857868020304,71.31979695431473,51.6497461928934,48.97959183673469,59.126867241742055,高增长机会市场,重点候选
75,410,Rep. of Korea,3788155735.0,0.18788566172475515,1.0,-0.03714410251321193,-0.5174588207322686,7850429969.0,1929920449.0,1858235286.0,22.05514512441351,-0.7286890160756272,-0.03785151752329341,-0.6980700812477344,-0.0378469989170073,1,成熟核心市场,98.98477157360406,8.673469387755102,29.381443298969074,64.54081632653062,96.42857142857143,98.98477157360406,19.289340101522843,80.32994923857868,98.9795918367347,58.65690090469178,成熟核心市场,重点候选
76,120,Cameroon,19994362.0,1.3773898998284018,1.0,3.0654647658386014,0.1347578598039256,17619937.0,3947192.0,16047170.0,16.810960941791087,0.12641928205368913,1.4025278789754836,0.12625118974036975,1.210338994562567,0,加速扩张机会市场,60.913705583756354,47.95918367346938,88.14432989690721,64.54081632653062,29.081632653061234,60.913705583756354,67.76649746192894,46.827411167512686,60.71428571428571,58.64927414264675,高增长机会市场,重点候选
77,757,Switzerland,46866348.0,0.32859359616113304,1.0,0.07085473224969746,0.0616752969524485,44143768.0,22631403.0,24234945.0,17.662810470555875,0.05984812800459238,0.06845714185374518,0.05983027205459226,0.06843042261368434,1,成熟核心市场,73.60406091370558,39.795918367346935,35.56701030927835,64.54081632653062,87.24489795918367,73.60406091370558,37.817258883248726,75.76142131979695,73.46938775510205,58.64401430675364,成熟核心市场,重点候选
78,372,Ireland,37425870.0,0.3783418687151835,1.0,0.10937698145786602,0.0844739338514386,34510622.0,17742618.0,19683252.0,17.43787276121224,0.0810950135626669,0.10379857422606165,0.08105060224510252,0.10370548500275344,1,成熟核心市场,69.03553299492386,42.3469387755102,41.75257731958763,64.54081632653062,83.16326530612245,69.03553299492386,42.131979695431475,73.73096446700507,68.87755102040816,58.529086892488955,成熟核心市场,重点候选
79,56,Belgium,728900171.0,0.3610096018407492,1.0,0.13365520734750475,-0.4932294313794579,1438323802.0,341620412.0,387279759.0,20.407047342324425,-0.6796969045113492,0.12544710876978016,-0.654684185703219,0.12528285440613512,1,成熟核心市场,93.4010152284264,9.693877551020408,43.81443298969072,64.54081632653062,85.20408163265306,93.4010152284264,26.903553299492387,74.746192893401,93.36734693877551,58.43125394487693,成熟核心市场,重点候选
80,40,Austria,182795717.0,0.6300500432060835,1.0,1.2320090720447614,-0.5379994043641604,395661215.0,56557922.0,126237795.0,19.023879792202308,-0.7721890957029913,0.8029020992875573,-0.735976997506186,0.7623797115552767,1,成熟核心市场,82.74111675126903,8.16326530612245,74.74226804123711,64.54081632653062,67.34693877551021,82.74111675126903,41.370558375634516,65.86294416243655,82.6530612244898,58.34131075110457,成熟核心市场,重点候选
81,554,New Zealand,83120484.0,1.1018628827223957,1.0,-0.6960401265900468,1.5020328597599484,33221180.0,63744664.0,19375820.0,18.23580173967566,0.9171035272851888,-1.190859545726937,0.8578062627675671,-1.0675790578890276,4,一般稳定市场,78.1725888324873,82.6530612244898,5.154639175257731,64.54081632653062,44.89795918367348,78.1725888324873,44.16243654822335,54.69543147208122,78.06122448979592,58.301335998316866,常规培育市场,培育候选
82,84,Belize,1001429.0,1.1211723907822886,1.0,2.572881324973858,2.136051332798877,319328.0,218993.0,782436.0,13.816939536487965,1.1429623382325182,1.2733690758100842,1.0328940145689176,1.125277977769767,0,加速扩张机会市场,21.82741116751269,86.73469387755102,86.08247422680412,64.54081632653062,42.3469387755102,21.82741116751269,86.04060913705584,53.42639593908629,21.428571428571427,58.1348621922996,高增长机会市场,重点候选
83,231,Ethiopia,27546946.0,1.107049544625606,1.0,0.649514695520179,0.1184718916341653,24629091.0,10396978.0,17149968.0,17.13140227072566,0.1119633669195359,0.5004810828497561,0.1118465551532785,0.4902895587772234,1,成熟核心市场,64.9746192893401,45.91836734693878,65.97938144329896,64.54081632653062,44.38775510204081,64.9746192893401,55.837563451776646,54.44162436548223,64.79591836734694,57.226488533557756,成熟核心市场,重点候选
84,792,Türkiye,323939530.0,0.471239431093265,1.0,0.3695866152351854,-0.4760879126534389,618308945.0,136707191.0,187232339.0,19.5960674236225,-0.64643137950614,0.3145089516289552,-0.6248233301730735,0.3119418491469689,1,成熟核心市场,84.77157360406092,10.714285714285714,54.63917525773196,64.54081632653062,78.06122448979592,84.77157360406092,32.74111675126903,71.19289340101523,84.6938775510204,57.177835051546396,成熟核心市场,重点候选
85,124,Canada,538115318.0,0.3855229908368712,1.0,-0.4166506538924544,-0.0199641265721989,549077164.0,339858869.0,198256449.0,20.10358344274054,-0.020166102411813824,-0.5389690485377905,-0.020165419061461097,-0.5262902402640767,1,成熟核心市场,89.84771573604061,35.204081632653065,12.371134020618557,64.54081632653062,82.65306122448979,89.84771573604061,24.111675126903556,73.4771573604061,89.79591836734694,57.066063538817595,成熟核心市场,重点候选
86,376,Israel,290245295.0,0.5670709236962815,1.0,-0.39996527110358465,0.1373394192264809,255196725.0,181399372.0,108845923.0,19.4862369716926,0.1286916914935894,-0.5107677402724349,0.12851437445175198,-0.4999457372771538,1,成熟核心市场,83.24873096446701,48.46938775510204,12.886597938144329,64.54081632653062,70.91836734693878,83.24873096446701,30.964467005076145,67.63959390862945,83.16326530612244,56.735482852934986,成熟核心市场,重点候选
87,854,Burkina Faso,14114746.0,0.5843947601828571,1.0,-0.31364981373350553,1.2181982594177292,6363158.0,8369997.0,5744749.0,16.462730695314967,0.7966951851991304,-0.3763672512998202,0.7570684968539749,-0.3719865734742942,4,一般稳定市场,55.83756345177665,78.06122448979592,17.010309278350515,64.54081632653062,69.89795918367346,55.83756345177665,47.71573604060914,67.13197969543147,55.61224489795919,56.53981695771092,常规培育市场,培育候选
88,398,Kazakhstan,17947541.0,0.6605297042294966,1.0,0.3858583892757522,0.1088084069942467,16186332.0,7522467.0,10425074.0,16.702963727588834,0.10328592542769854,0.3263196862955269,0.10319420828688265,0.3234545612683097,1,成熟核心市场,59.89847715736041,44.38775510204081,56.18556701030928,64.54081632653062,64.28571428571428,59.89847715736041,50.253807106598984,64.34010152284264,59.693877551020414,56.33915421838839,成熟核心市场,重点候选
89,422,Lebanon,44129527.0,0.2645217662154625,1.0,0.18156602921708329,-0.312005477199784,64142265.0,20228371.0,23901156.0,17.602639685516653,-0.3739743950564609,0.16684069440892912,-0.36967593553822403,0.16645476394976996,1,成熟核心市场,72.08121827411168,20.918367346938776,46.391752577319586,64.54081632653062,91.3265306122449,72.08121827411168,33.756345177664976,77.79187817258884,71.93877551020408,56.242636229749635,成熟核心市场,重点候选
90,192,Cuba,4590369.0,2.323508147446194,0.75,27.388894579817407,1.6322704173791576,1743882.0,156194.0,4434175.0,15.339471188809702,0.9678463947650471,3.3459918560177364,0.8987604059264466,1.863894166242409,0,加速扩张机会市场,41.11675126903553,83.16326530612244,98.96907216494846,17.346938775510203,10.714285714285708,41.11675126903553,90.60913705583758,14.213197969543145,40.816326530612244,56.171365453397854,高增长机会市场,重点候选
91,462,Maldives,5964736.0,2.5095662928707165,0.9166666666666666,8.230950122553855,1.1512366461439587,2772701.0,583009.0,5381727.0,15.601375522014058,0.7660426680304262,2.2225604523145233,0.7306570565258439,1.6090294692003133,0,加速扩张机会市场,47.71573604060914,77.04081632653062,92.78350515463917,25.765306122448976,9.183673469387756,47.71573604060914,84.51776649746193,17.639593908629443,47.44897959183674,56.00568062276457,高增长机会市场,重点候选
92,364,Iran,25529245.0,1.11587370728082,1.0,-0.2585137185835929,1.1926254834246612,11643231.0,14659458.0,10869787.0,17.055335254899823,0.7850996299433177,-0.2990985949167211,0.7471126755183055,-0.29688860755576596,4,一般稳定市场,63.95939086294417,77.55102040816327,19.587628865979383,64.54081632653062,43.36734693877551,63.95939086294417,48.73096446700508,53.93401015228426,63.775510204081634,55.39711760993057,常规培育市场,培育候选
93,520,Nauru,2349396.0,3.301726675395668,0.25,22.271873547187354,,0.0,96795.0,2252601.0,14.66966925744934,14.66966925744934,3.147235600361425,2.0,1.8352001961355173,5,脉冲式高增长市场,31.472081218274113,99.48979591836735,97.9381443298969,4.846938775510204,2.040816326530617,31.472081218274113,98.2233502538071,3.680203045685276,31.122448979591837,54.58762886597939,低基数暴增市场,观察名单
94,450,Madagascar,17930727.0,1.0026609256527352,1.0,-0.5333469277481392,1.4686861986486246,7263267.0,12225609.0,5705118.0,16.702026447099506,0.9036860238390805,-0.7621690898743925,0.8468256363004611,-0.7272980063775439,4,一般稳定市场,59.390862944162436,80.61224489795919,10.824742268041238,64.54081632653062,51.53061224489796,59.390862944162436,45.93908629441624,57.99492385786802,59.183673469387756,54.256785188302125,常规培育市场,培育候选
95,440,Lithuania,15132558.0,0.5012468650466686,1.0,0.26457497012628145,-0.0286384467826215,15578708.0,6682295.0,8450263.0,16.53235920563349,-0.029056526695672602,0.23473604241682366,-0.02905448443577676,0.2336641300168815,1,成熟核心市场,57.360406091370564,34.183673469387756,50.51546391752577,64.54081632653062,76.53061224489795,57.360406091370564,42.38578680203045,70.43147208121827,57.14285714285714,53.72554176309699,成熟核心市场,重点候选
96,414,Kuwait,4862212.0,0.5109799584795636,1.0,0.08141033159847227,0.3198716995145299,3683852.0,2336018.0,2526194.0,15.397004242030658,0.27753446874957,0.07826601960384849,0.2757667155312668,0.07822612424139466,4,一般稳定市场,43.65482233502538,61.224489795918366,37.628865979381445,64.54081632653062,76.0204081632653,43.65482233502538,49.49238578680203,70.17766497461929,43.36734693877551,53.699242583631396,常规培育市场,培育候选
97,624,Guinea-Bissau,1386295.0,2.108804494409342,0.6666666666666666,10.064075675957914,9.179423729311385,136186.0,114911.0,1271384.0,14.14214600014396,2.320361779872627,2.403695518371105,1.6421998041354868,1.6684370931151018,0,加速扩张机会市场,24.873096446700508,95.40816326530613,94.3298969072165,14.795918367346939,14.285714285714292,24.873096446700508,94.41624365482234,14.720812182741117,24.489795918367346,53.68740795287187,高增长机会市场,重点候选
98,710,South Africa,419252392.0,0.6176573792477718,1.0,0.22363905394581743,-0.749837765719407,1675922000.0,188543366.0,230709026.0,19.85398366646287,-1.3856456326776545,0.20182924906486122,-1.1995847341379686,0.2011469024606066,1,成熟核心市场,86.80203045685279,4.591836734693878,47.93814432989691,64.54081632653062,68.87755102040816,86.80203045685279,26.395939086294415,66.6243654822335,86.73469387755102,53.54171049863245,成熟核心市场,重点候选
99,188,Costa Rica,4781019.0,1.1999763503509935,1.0,0.9050823852812985,0.2797029901730121,3736038.0,1645743.0,3135276.0,15.380164470824758,0.24662795357621015,0.6445249658334031,0.24538546589508559,0.62310273186532,4,一般稳定市场,42.63959390862944,57.6530612244898,69.0721649484536,64.54081632653062,37.755102040816325,42.63959390862944,63.19796954314721,51.142131979695435,42.3469387755102,53.049126867241746,常规培育市场,培育候选
100,90,Solomon Isds,4394370.0,1.6270868966343102,0.9166666666666666,1.4566717429472213,1.1030845834003355,2089488.0,1271272.0,3123098.0,15.295834961680562,0.7434048652416365,0.8988070174410048,0.7109600487857692,0.8428175142284332,0,加速扩张机会市场,40.10152284263959,75.51020408163265,79.38144329896907,25.765306122448976,23.9795918367347,40.10152284263959,77.15736040609139,25.000000000000007,39.795918367346935,52.86608457816116,高增长机会市场,重点候选
101,148,Chad,13587494.0,1.0150936240856043,1.0,-0.32584890433154057,1.14097830343053,6346395.0,8116050.0,5471444.0,16.424660442426255,0.7612627917351062,-0.3943009560897668,0.7265114198237985,-0.38927060427772775,4,一般稳定市场,54.82233502538071,76.0204081632653,16.49484536082474,64.54081632653062,50.0,54.82233502538071,46.44670050761421,57.233502538071065,54.59183673469388,52.635703766042504,常规培育市场,培育候选
102,300,Greece,39711340.0,0.37213325974157974,1.0,-0.13930934580586551,-0.0711133798269335,42751547.0,21342258.0,18369082.0,17.497147372368524,-0.07376859084925158,-0.15002011817966832,-0.07373515797476264,-0.14973939433924918,1,成熟核心市场,70.05076142131979,31.122448979591837,23.711340206185564,64.54081632653062,84.18367346938776,70.05076142131979,27.66497461928934,74.23857868020303,69.89795918367348,52.573900694298345,成熟核心市场,重点候选
103,426,Lesotho,1577600.0,1.9195080423340876,0.3333333333333333,2.7200464345338893,30.586113002042204,49946.0,334234.0,1243366.0,14.271415896704546,3.4526981744915837,1.3137339629654559,1.8772483235496877,1.152550709939148,5,脉冲式高增长市场,25.888324873096447,96.93877551020408,86.5979381443299,7.3979591836734695,17.346938775510196,25.888324873096447,91.37055837563452,12.563451776649748,25.510204081632654,52.54917946560068,低基数暴增市场,观察名单
104,212,Dominica,1257534.0,2.9556533280933768,0.8333333333333334,19.82082248828735,4.000791356321108,251467.0,57630.0,1199904.0,14.044664013570689,1.6095929897245345,3.0359370486039765,1.3334212502178593,1.8166888529455267,0,加速扩张机会市场,23.85786802030457,91.83673469387756,97.42268041237114,20.918367346938776,4.591836734693871,23.85786802030457,94.16243654822335,12.944162436548224,23.46938775510204,52.26514832737219,高增长机会市场,重点候选
105,548,Vanuatu,896192.0,1.2600677714409838,1.0,2.0319245615771524,0.824554545750676,491184.0,222274.0,673918.0,13.705911070547147,0.6013349526576377,1.109194571641602,0.5838474933976081,1.0079179461543954,0,加速扩张机会市场,19.796954314720814,71.93877551020408,84.5360824742268,64.54081632653062,33.673469387755105,19.796954314720814,77.91878172588832,49.11167512690355,19.387755102040817,52.21333894382496,高增长机会市场,重点候选
106,807,North Macedonia,1817145.0,2.3615365994119126,0.8333333333333334,3.6386844326390784,2.951380372100305,459876.0,322264.0,1494881.0,14.41277769637919,1.3740633549736874,1.5344283644963923,1.192144472975875,1.290614673017288,0,加速扩张机会市场,28.426395939086298,88.77551020408163,89.69072164948454,20.918367346938776,10.204081632653057,28.426395939086298,88.83248730964468,15.736040609137055,28.061224489795915,52.172838207447924,高增长机会市场,重点候选
107,320,Guatemala,5051684.0,0.5681644931561208,1.0,0.98216727155949,-0.095484948515335,5584964.0,1693964.0,3357720.0,15.435232408964637,-0.10035631471513007,0.6841905351744497,-0.10027219101355991,0.6586936158318691,4,一般稳定市场,44.67005076142132,29.591836734693878,70.10309278350515,64.54081632653062,70.40816326530611,44.67005076142132,49.746192893401016,67.38578680203045,44.38775510204081,51.75021039343573,常规培育市场,培育候选
108,32,Argentina,59541963.0,0.9272456076831251,1.0,0.07412856205205577,-0.1363123039323852,68939228.0,28706978.0,30834985.0,17.902191899235618,-0.14654403611689304,0.07150969047776812,-0.1462823457170474,0.07147923557710047,1,成熟核心市场,75.63451776649747,26.53061224489796,36.597938144329895,64.54081632653062,54.08163265306122,75.63451776649747,31.725888324873097,59.263959390862944,75.51020408163265,51.17162844519252,成熟核心市场,重点候选
109,50,Bangladesh,63615488.0,0.437583080503507,1.0,-0.34348018043858186,-0.1279603831801647,72950227.0,38403095.0,25212393.0,17.9683675363957,-0.13692042196085907,-0.4208023823359248,-0.1367069179845029,-0.4147009608729245,1,成熟核心市场,76.14213197969542,28.061224489795915,14.948453608247423,64.54081632653062,79.08163265306122,76.14213197969542,21.827411167512693,71.7005076142132,76.0204081632653,51.1274458236903,成熟核心市场,重点候选
110,604,Peru,30173767.0,0.27373589038997326,1.0,0.06368282754224652,-0.3636344904586617,47415780.0,14621320.0,15552447.0,17.22248349561395,-0.4519821681310816,0.06173724797058355,-0.44444164624391996,0.061717650301999084,1,成熟核心市场,65.98984771573603,16.3265306122449,35.051546391752574,64.54081632653062,90.3061224489796,65.98984771573603,25.888324873096444,77.28426395939087,65.81632653061224,50.836839890595414,成熟核心市场,重点候选
111,196,Cyprus,2043927.0,0.4911029048963081,1.0,-0.009482563846861025,0.7091248282661213,1195891.0,1026832.0,1017095.0,14.530384004636392,0.535981096224404,-0.009527800289996335,0.5235084193000965,-0.009527737536614567,4,一般稳定市场,30.456852791878177,70.40816326530613,30.412371134020617,64.54081632653062,77.55102040816327,30.456852791878177,50.507614213197975,70.93908629441624,30.102040816326532,50.801861981906164,常规培育市场,培育候选
112,44,Bahamas,958012.0,1.2374460426797322,1.0,1.0577420868349574,0.9045850621169258,503003.0,313307.0,644705.0,13.772616626798296,0.6442632254617564,0.7216076666640401,0.6228669794629076,0.6918451960935771,0,加速扩张机会市场,20.812182741116754,73.9795918367347,71.64948453608247,64.54081632653062,35.71428571428571,20.812182741116754,72.58883248730965,50.12690355329949,20.408163265306122,50.758468335787924,高增长机会市场,重点候选
113,760,Syria,2860345.0,1.0671658101481463,1.0,0.08895768472082549,0.5460881390965555,1850053.0,1369269.0,1491076.0,14.866453154499643,0.43572776868194296,0.08522092653018021,0.4289624783298566,0.08516944634301107,4,一般稳定市场,35.025380710659896,67.85714285714286,39.175257731958766,64.54081632653062,47.44897959183674,35.025380710659896,53.55329949238579,55.96446700507614,34.69387755102041,48.77892909741217,常规培育市场,培育候选
114,332,Haiti,5829475.0,1.096556254649613,0.9166666666666666,0.307682106569094,0.2760578388638166,4568347.0,2526117.0,3303358.0,15.578437674355843,0.24377546480296886,0.268256092563135,0.24257541627467752,0.2666590044558043,4,一般稳定市场,47.20812182741117,57.14285714285714,52.0618556701031,25.765306122448976,45.40816326530612,47.20812182741117,54.568527918781726,35.65989847715736,46.93877551020408,48.16747317483694,常规培育市场,培育候选
115,258,French Polynesia,7492319.0,1.7567996510178066,1.0,-0.6871546743504215,3.8058955025224743,1558985.0,5706932.0,1785387.0,15.82938905386035,1.5698428859762164,-1.1620459929595892,1.3110451267574263,-1.046817413940864,4,一般稳定市场,49.746192893401016,90.3061224489796,5.670103092783505,64.54081632653062,20.918367346938766,49.746192893401016,48.223350253807105,42.76649746192893,49.48979591836735,48.14932674100569,常规培育市场,培育候选
116,600,Paraguay,4618752.0,0.6234640322077223,1.0,0.4437970571272864,-0.1343046860078769,5335309.0,1889990.0,2728762.0,15.345635313204825,-0.14422223466664086,0.3672763258013365,-0.14397279663044057,0.3632028738499058,4,一般稳定市场,41.62436548223351,27.040816326530614,59.79381443298969,64.54081632653062,67.85714285714286,41.62436548223351,43.401015228426395,66.11675126903553,41.3265306122449,47.749579213128555,常规培育市场,培育候选
117,620,Portugal,44546259.0,0.5588397086583049,1.0,-0.3425170807633679,-0.3370295859654328,67191926.0,26875848.0,17670411.0,17.612038757739757,-0.41102490660838953,-0.41933647423133635,-0.4053344342401839,-0.4132978708717156,1,成熟核心市场,72.58883248730965,19.897959183673468,15.463917525773196,64.54081632653062,71.42857142857143,72.58883248730965,18.02030456852792,67.89340101522842,72.44897959183673,46.970334525562805,成熟核心市场,重点候选
118,72,Botswana,1995196.0,1.6430619656556051,1.0,2.0523277777552105,0.1122591247854443,1793823.0,492358.0,1502838.0,14.506253350298119,0.10639313830358788,1.1159031397143409,0.10629294812192813,1.0129130170669949,0,加速扩张机会市场,29.441624365482234,44.89795918367347,85.05154639175258,64.54081632653062,22.959183673469383,29.441624365482234,64.72081218274111,43.78172588832487,29.081632653061224,46.85724805386072,高增长机会市场,重点候选
119,768,Togo,7070950.0,0.5853216181497787,1.0,0.44366755242034006,-0.3797412280701754,11400000.0,2893581.0,4177369.0,15.771505540849455,-0.4776184602345612,0.3671866809012627,-0.46874145617848567,0.36311613008153076,4,一般稳定市场,48.73096446700508,14.285714285714285,59.27835051546392,64.54081632653062,69.38775510204081,48.73096446700508,36.80203045685279,66.87817258883248,48.46938775510204,46.83015989901116,常规培育市场,培育候选
120,434,Libya,8492317.0,1.262250729848857,1.0,0.5799464951465277,-0.1085637873749968,9526556.0,3291664.0,5200653.0,15.95467254811311,-0.11492138207198188,0.4573908711200314,-0.11479508180117591,0.4495802500071535,4,一般稳定市场,51.26903553299492,28.57142857142857,63.91752577319587,64.54081632653062,33.16326530612244,51.26903553299492,46.192893401015226,48.857868020304565,51.02040816326531,46.661056175047335,常规培育市场,培育候选
121,112,Belarus,14252727.0,1.4832105618549376,1.0,-0.19773534716735675,0.2853975393269918,11088186.0,7908232.0,6344495.0,16.472458884953394,0.25106801960442127,-0.22031670332111375,0.24975745743651778,-0.21942986770180892,4,一般稳定市场,56.34517766497462,59.183673469387756,21.649484536082475,64.54081632653062,27.551020408163268,56.34517766497462,40.609137055837564,46.065989847715734,56.12244897959183,46.549284662318534,常规培育市场,培育候选
122,634,Qatar,2949276.0,0.49199672618412804,1.0,-0.054696883650891336,0.1623115263005026,2537423.0,1516101.0,1433175.0,14.897070613532065,0.15041066238733336,-0.05624960671406498,0.15012779086295786,-0.05623481830795083,4,一般稳定市场,35.53299492385787,50.51020408163265,26.288659793814436,64.54081632653062,77.0408163265306,35.53299492385787,38.578680203045685,70.68527918781726,35.204081632653065,46.45671155059963,常规培育市场,培育候选
123,524,Nepal,4795398.0,0.8872340333496577,1.0,-0.21917317818339546,0.1834530714042979,4052039.0,2692793.0,2102605.0,15.383167474516608,0.16843645854631006,-0.2474017885225912,0.1680393994328527,-0.24614766073639768,4,一般稳定市场,43.14720812182741,53.06122448979592,21.1340206185567,64.54081632653062,56.63265306122449,43.14720812182741,37.309644670050766,60.53299492385787,42.857142857142854,45.298232695139916,常规培育市场,培育候选
124,266,Gabon,2029572.0,2.931794569066748,0.75,11.099759894663466,0.283942775950919,1580734.0,154932.0,1874640.0,14.523335984064808,0.24993549735550502,2.493179688001481,0.24864263583197657,1.6946508919121863,0,加速扩张机会市场,29.949238578680205,58.673469387755105,95.36082474226805,17.346938775510203,5.102040816326522,29.949238578680205,76.6497461928934,11.421319796954315,29.591836734693878,45.11808331580055,高增长机会市场,重点候选
125,48,Bahrain,513955.0,1.1327567576825939,1.0,-0.055417875830965455,3.26667386142888,120458.0,264301.0,249654.0,13.149892937660306,1.4508282126079273,-0.05701242395482886,1.2405073666523228,-0.056997207926764014,4,一般稳定市场,16.243654822335024,89.28571428571429,25.773195876288657,64.54081632653062,41.83673469387755,16.243654822335024,57.61421319796955,53.17258883248731,15.816326530612246,44.95055754260468,常规培育市场,培育候选
126,262,Djibouti,5080608.0,1.1677357906108665,1.0,1.340971054081744,-0.4424026409391889,9111607.0,1520698.0,3559910.0,15.44094169425917,-0.5841180687314385,0.8505654469792727,-0.5680577696997967,0.8027432937160277,4,一般稳定市场,45.17766497461929,13.26530612244898,77.31958762886599,64.54081632653062,39.795918367346935,45.17766497461929,45.17766497461929,52.15736040609137,44.89795918367347,44.67310119924259,常规培育市场,培育候选
127,328,Guyana,3996333.0,2.1800160655843244,1.0,-0.5685430228734641,1.945736188405263,1356650.0,2791794.0,1204539.0,15.200887998841251,1.0803582780688092,-0.8405870068139585,0.9862474810773731,-0.7943557256114543,4,一般稳定市场,39.08629441624365,85.20408163265306,9.793814432989691,64.54081632653062,13.775510204081627,39.08629441624365,47.71573604060914,39.213197969543145,38.775510204081634,43.412844519251,常规培育市场,培育候选
128,516,Namibia,5458389.0,1.642143678909418,1.0,-0.044327682542981056,0.2126834808422772,4501083.0,2791055.0,2667334.0,15.51266443244298,0.19283561782261316,-0.045340172235381004,0.19224031153458737,-0.04533242317467663,4,一般稳定市场,46.192893401015226,55.61224489795919,27.31958762886598,64.54081632653062,23.469387755102048,46.192893401015226,41.6243654822335,44.035532994923855,45.91836734693878,43.116978750263,常规培育市场,培育候选
129,380,Italy,667665780.0,1.1840907011243618,1.0,-0.5936216870075687,-0.5925567565703236,1638671866.0,474741237.0,192924543.0,20.31929827845087,-0.8978536350412369,-0.9004707447645188,-0.84203289807463,-0.844184927374891,1,成熟核心市场,91.37055837563452,6.63265306122449,8.762886597938143,64.54081632653062,38.26530612244898,91.37055837563452,8.121827411167512,51.39593908629442,91.3265306122449,43.00257731958763,成熟核心市场,重点候选
130,504,Morocco,33043099.0,0.8357930295196956,1.0,-0.6502633904474897,-0.193173111987886,40954385.0,24481146.0,8561953.0,17.31332332788156,-0.21464614087343747,-1.0505748759898275,-0.21382581061810155,-0.9635411618020453,4,一般稳定市场,66.49746192893402,25.0,6.701030927835052,64.54081632653062,58.16326530612245,66.49746192893402,16.243654822335024,61.29441624365482,66.3265306122449,42.66673679781191,常规培育市场,培育候选
131,670,Saint Vincent and the Grenadines,196495.0,2.018116915395493,0.5,1.6081272149690593,1.3781830945003877,82624.0,54459.0,142036.0,12.188397353850165,0.8663297766961779,0.9586210997951863,0.8159315560746492,0.8913916384640831,5,脉冲式高增长市场,9.137055837563452,80.10204081632652,80.9278350515464,11.479591836734695,16.326530612244895,9.137055837563452,80.20304568527918,14.086294416243657,8.673469387755102,42.41005680622765,低基数暴增市场,观察名单
132,4,Afghanistan,2533001.0,1.0075982016621075,0.75,0.6853716741637239,0.0613842741714145,2386507.0,943259.0,1589742.0,14.744915718561076,0.0595739509492077,0.5219856864982937,0.05955636214027907,0.510448278543909,4,一般稳定市场,31.979695431472084,39.285714285714285,67.0103092783505,17.346938775510203,51.02040816326531,31.979695431472084,53.04568527918782,34.26395939086295,31.63265306122449,42.10104144750683,常规培育市场,培育候选
133,776,Tonga,333114.0,1.6683987337214814,0.5,0.17639064929634518,125.99733130003813,2623.0,153058.0,180056.0,12.716243054689947,4.843787904625968,0.16244999945373806,1.968749348448339,0.16209465828515163,5,脉冲式高增长市场,12.690355329949238,97.95918367346938,45.36082474226804,11.479591836734695,21.93877551020408,12.690355329949238,71.57360406091371,16.878172588832488,12.244897959183673,41.67420576478014,低基数暴增市场,观察名单
134,562,Niger,1124151.0,1.1738964111817927,0.6666666666666666,1.4469308345419478,0.1186394633640055,1004927.0,326131.0,798020.0,13.932539531609569,0.11211307649169555,0.8948327055039726,0.11199589681542903,0.8395473561825769,0,加速扩张机会市场,23.3502538071066,46.42857142857143,78.8659793814433,14.795918367346939,39.28571428571429,23.3502538071066,62.43654822335026,27.157360406091367,22.95918367346939,41.64054281506417,高增长机会市场,重点候选
135,275,State of Palestine,936293.0,1.248583014716799,0.8333333333333334,3.019934053561376,0.0926361166607538,856912.0,186515.0,749778.0,13.749684808703948,0.08859313319671003,1.391261470152175,0.08853533198937098,1.2031767833359857,0,加速扩张机会市场,20.304568527918782,42.857142857142854,87.11340206185567,20.918367346938776,35.20408163265306,20.304568527918782,64.72081218274111,28.172588832487314,19.897959183673468,41.47880286135072,高增长机会市场,重点候选
136,690,Seychelles,105255.0,1.335202448432818,0.75,0.701062410182714,1.307565825532195,45613.0,38968.0,66287.0,11.564150757045674,0.8361807911195793,0.5312424270783627,0.7906514303894795,0.5191012303453517,0,加速扩张机会市场,6.091370558375635,78.57142857142857,67.5257731958763,17.346938775510203,31.632653061224488,6.091370558375635,72.84263959390864,24.619289340101524,5.612244897959184,41.31127708815485,高增长机会市场,重点候选
137,780,Trinidad and Tobago,485107.0,0.7297214919211741,1.0,-0.2705756108690847,0.6442688684841151,295029.0,280502.0,204605.0,13.092126825542389,0.4972945004757552,-0.31549824149198535,0.48729452300624504,-0.3129082862131447,4,一般稳定市场,15.228426395939088,68.87755102040816,19.072164948453608,64.54081632653062,60.714285714285715,15.228426395939088,44.16243654822335,62.56345177664974,14.795918367346939,41.03382074479277,常规培育市场,培育候选
138,882,Samoa,185826.0,2.256647205736173,0.25,0.6500007130328138,5.529833438751845,28458.0,70123.0,115703.0,12.132571412350051,1.8763516783579632,0.5007701022798035,1.468779750238002,0.49056644387760595,5,脉冲式高增长市场,8.121827411167512,92.85714285714286,66.49484536082474,4.846938775510204,11.224489795918373,8.121827411167512,79.44162436548223,8.248730964467002,7.653061224489796,40.97754050073638,低基数暴增市场,观察名单
139,558,Nicaragua,2683688.0,0.64073962197492,1.0,0.07959965377304466,-0.1530866542938985,3168787.0,1290483.0,1393205.0,14.802702898526965,-0.1661568398332136,0.07659022432821239,-0.16577567610284538,0.07655286307499233,4,一般稳定市场,34.01015228426396,25.510204081632654,37.11340206185567,64.54081632653062,66.32653061224491,34.01015228426396,31.472081218274113,65.35532994923858,33.6734693877551,40.30533347359563,常规培育市场,培育候选
140,178,Congo,2625716.0,1.527433876257025,0.9166666666666666,-0.44914738178194874,2.085516597902891,850981.0,1693079.0,932637.0,14.780864559568284,1.126718303822841,-0.5962875045682896,1.02093164863087,-0.5792263900589402,4,一般稳定市场,32.99492385786802,86.22448979591837,11.855670103092782,25.765306122448976,26.530612244897952,32.99492385786802,49.23857868020305,26.269035532994927,32.6530612244898,40.27929728592468,常规培育市场,培育候选
141,728,South Sudan,5081968.0,1.757635798650803,0.5833333333333334,-0.8041392760596682,2.051536586244581,1665380.0,4249632.0,832336.0,15.441209342882996,1.1156448588348091,-1.630350498360352,1.0127202569068618,-1.344871120794149,5,脉冲式高增长市场,45.68527918781726,85.71428571428571,3.0927835051546393,13.26530612244898,20.40816326530613,45.68527918781726,44.67005076142132,17.005076142131983,45.40816326530612,40.057332211235,低基数暴增市场,观察名单
142,222,El Salvador,2253045.0,0.9437525195472272,1.0,-0.3864303869266947,0.1857257886261012,1900140.0,1396311.0,856734.0,14.627793636427436,0.17035498451791575,-0.4884611014759397,0.1699442716854655,-0.47897578610280755,4,一般稳定市场,30.96446700507614,53.57142857142857,13.402061855670103,64.54081632653062,53.57142857142857,30.96446700507614,33.75634517766497,59.01015228426395,30.612244897959183,39.74673890174626,常规培育市场,培育候选
143,132,Cabo Verde,161972.0,2.1905669555702962,0.4166666666666667,0.5418935672698169,2.5937077056200217,45071.0,63721.0,98251.0,11.995184933657422,1.279168443541268,0.43300573490748206,1.1292436836792357,0.4263699898747932,5,脉冲式高增长市场,7.614213197969544,88.26530612244898,62.371134020618555,9.183673469387756,13.265306122448976,7.614213197969544,75.12690355329948,11.421319796954315,7.142857142857142,39.59157374289922,低基数暴增市场,观察名单
144,52,Barbados,828204.0,1.3751491586054432,1.0,0.45507984454990913,0.1070529169273213,748116.0,337343.0,490861.0,13.627015987264464,0.10170132542743104,0.3750598479941427,0.10161388550548112,0.37072508705584617,4,一般稳定市场,18.781725888324875,43.87755102040816,60.824742268041234,64.54081632653062,29.59183673469387,18.781725888324875,52.28426395939086,47.08121827411167,18.367346938775512,39.537397433200084,常规培育市场,培育候选
145,24,Angola,2960042.0,1.3749023420855773,1.0,-0.1270938603717666,0.1748562111504179,2519493.0,1580454.0,1379588.0,14.900714353221755,0.16114570754668556,-0.1359271515425089,0.16079795092101792,-0.13571834453700318,4,一般稳定市场,36.04060913705584,51.53061224489795,24.22680412371134,64.54081632653062,30.10204081632652,36.04060913705584,38.07106598984772,47.33502538071066,35.714285714285715,39.411687355354516,常规培育市场,培育候选
146,352,Iceland,1095785.0,1.0303542545455082,0.9166666666666666,-0.0431152716960376,0.5464280522896847,708591.0,559964.0,535821.0,13.906982471950814,0.43594729046838054,-0.04407226541137099,0.42917219027519765,-0.044065213522725716,4,一般稳定市场,22.84263959390863,68.36734693877551,27.835051546391753,25.765306122448976,49.48979591836735,22.84263959390863,48.223350253807105,37.69035532994924,22.448979591836736,39.39354092152325,常规培育市场,培育候选
147,12,Algeria,11727414.0,0.9496112655863174,1.0,-0.1462707800183043,-0.3685956813512296,18573541.0,6326390.0,5401024.0,16.277439821236932,-0.45980883165288233,-0.15814118101064167,-0.4518753286818848,-0.15781245549956707,4,一般稳定市场,54.314720812182735,15.816326530612246,22.68041237113402,64.54081632653062,53.06122448979592,54.314720812182735,19.543147208121827,58.75634517766497,54.08163265306123,39.12791920892069,常规培育市场,培育候选
148,430,Liberia,1992726.0,0.9880707867925489,1.0,0.10105647167981106,-0.064277436453213,2129612.0,948440.0,1044286.0,14.505014610384395,-0.06643622065271515,0.09627005091672913,-0.06641182746295912,0.09619586435867249,4,一般稳定市场,28.934010152284262,31.63265306122449,40.72164948453608,64.54081632653062,52.55102040816326,28.934010152284262,36.29441624365482,58.502538071065985,28.57142857142857,38.96065642751947,常规培育市场,培育候选
149,480,Mauritius,4488348.0,1.2494191009301427,1.0,-0.3799308925173987,0.1598346898574274,3869817.0,2770467.0,1717881.0,15.316995486084641,0.14827745060832065,-0.4779241223105828,0.14800641049799806,-0.46903047624649424,4,一般稳定市场,40.609137055837564,49.48979591836735,13.917525773195877,64.54081632653062,34.183673469387756,40.609137055837564,31.97969543147208,49.36548223350254,40.30612244897959,38.82942352198612,常规培育市场,培育候选
150,788,Tunisia,2787529.0,0.9987127358733675,1.0,-0.1653449609214315,-0.0103908764490744,2816798.0,1519375.0,1268154.0,14.840666457024437,-0.010445234785699142,-0.18073663596139866,-0.010445143547119931,-0.180246375912143,4,一般稳定市场,34.51776649746193,37.244897959183675,22.164948453608247,64.54081632653062,52.04081632653062,34.51776649746193,29.949238578680205,58.248730964467,34.183673469387756,38.25952030296655,常规培育市场,培育候选
151,662,Saint Lucia,129147.0,1.267678100514031,0.9166666666666666,3.9117000823949466,0.0786970139903946,119725.0,21846.0,107301.0,11.768714312534934,0.0757532348845853,1.5915836764479714,0.07571763798257738,1.3233756881692955,0,加速扩张机会市场,7.1065989847715745,41.83673469387755,90.20618556701031,25.765306122448976,32.14285714285714,7.1065989847715745,65.73604060913706,29.060913705583758,6.63265306122449,37.888175888912265,高增长机会市场,重点候选
152,28,Antigua and Barbuda,267914.0,1.3417122298872424,0.75,0.5747097716614131,0.29838522079634,206344.0,104056.0,163858.0,12.498425045006694,0.26112024079557017,0.45406747599924024,0.25964770230549616,0.4464268384630889,4,一般稳定市场,11.6751269035533,59.693877551020414,63.4020618556701,17.346938775510203,31.122448979591837,11.6751269035533,61.42131979695432,24.36548223350254,11.224489795918368,37.37428992215443,常规培育市场,培育候选
153,204,Benin,5816084.0,0.8988730436576226,1.0,0.031325123629285724,-0.5705634980553438,13543525.0,2863197.0,2952887.0,15.576137912944267,-0.8452812921917694,0.03084449256089883,-0.7983054823059701,0.03084205798953385,4,一般稳定市场,46.7005076142132,7.142857142857142,33.50515463917525,64.54081632653062,54.59183673469388,46.7005076142132,20.558375634517766,59.51776649746193,46.42857142857143,37.05817378497791,常规培育市场,培育候选
154,242,Fiji,1658628.0,1.9138167731196758,1.0,-0.27377474524921397,0.4444418318480723,1148283.0,960841.0,697787.0,14.321501915471973,0.3677227034458017,-0.31989465168213727,0.36363461470634445,-0.317194693445426,4,一般稳定市场,26.39593908629442,65.3061224489796,18.556701030927837,64.54081632653062,17.85714285714286,26.39593908629442,42.13197969543147,41.243654822335024,26.02040816326531,36.97664632863455,常规培育市场,培育候选
155,762,Tajikistan,3013623.0,1.075697864253301,0.9166666666666666,0.3794233874310619,-0.3406847934667559,4570838.0,1266535.0,1747088.0,14.918653899225257,-0.4165534354162457,0.32166535948218744,-0.41063300345271736,0.31892044890817467,4,一般稳定市场,36.54822335025381,18.877551020408163,55.670103092783506,25.765306122448976,46.93877551020408,36.54822335025381,37.30964467005076,36.421319796954315,36.224489795918366,36.33810225120976,常规培育市场,培育候选
156,740,Suriname,676565.0,1.9056140873830738,0.8333333333333334,4.022583631540529,-0.0727820171255029,729672.0,112338.0,564227.0,13.424785282809827,-0.07556648475184247,1.613937339612244,-0.07553065379448841,1.3358332163206788,0,加速扩张机会市场,18.274111675126903,30.612244897959183,90.72164948453609,20.918367346938776,18.877551020408163,18.274111675126903,60.40609137055838,20.050761421319798,17.857142857142858,36.07800336629498,高增长机会市场,重点候选
157,498,Rep. of Moldova,871744.0,1.1164950362773112,0.9166666666666666,1.4964163240750026,-0.2719078525915415,1197299.0,249325.0,622419.0,13.678252228932116,-0.31732735077281937,0.9148538289148718,-0.31469138147443043,0.8559714778650613,4,一般稳定市场,19.289340101522843,21.428571428571427,79.89690721649485,25.765306122448976,42.85714285714286,19.289340101522843,50.507614213197975,34.390862944162436,18.877551020408163,36.0048916473806,常规培育市场,培育候选
158,174,Comoros,1769636.0,2.67023548726414,0.5,-0.7025976844303159,5634.783439490446,314.0,1363984.0,405652.0,14.386284998771497,8.633712359945864,-1.2126677269237387,1.9992903754343343,-1.0830837528169635,5,脉冲式高增长市场,27.411167512690355,98.46938775510205,4.639175257731959,11.479591836734695,7.142857142857139,27.411167512690355,51.77664974619289,9.517766497461931,27.040816326530614,35.87681464338313,低基数暴增市场,观察名单
159,583,FS Micronesia,437289.0,2.2398192496318914,0.5833333333333334,15.93343996062992,-0.0213000720670716,446806.0,24384.0,412905.0,12.988351869542928,-0.021530143476613972,2.8292517749879753,-0.021529360532521958,1.7769529990463973,2,低基数恢复市场,14.720812182741117,34.69387755102041,96.3917525773196,13.26530612244898,11.734693877551024,14.720812182741117,65.22842639593908,12.690355329949242,14.285714285714285,35.324268882810856,低活跃脉冲市场,观察名单
160,646,Rwanda,3418235.0,1.1496496163456031,1.0,-0.35865211291005666,-0.0587259031947697,3631498.0,2082578.0,1335657.0,15.044635186499955,-0.06052088216006268,-0.44418297519343497,-0.06050243321271884,-0.43702144527804554,4,一般稳定市场,37.56345177664975,33.16326530612245,14.432989690721648,64.54081632653062,41.326530612244895,37.56345177664975,24.111675126903556,52.91878172588832,37.244897959183675,35.003944876919846,常规培育市场,培育候选
161,454,Malawi,1808585.0,0.63473919651643,1.0,0.0898929507416258,-0.5051656256070567,3654930.0,865396.0,943189.0,14.408055882464572,-0.7035318902742738,0.08607938578196084,-0.675881735476154,0.08602636868048778,4,一般稳定市场,27.918781725888326,9.183673469387756,39.69072164948454,64.54081632653062,66.83673469387756,27.918781725888326,24.619289340101524,65.60913705583755,27.55102040816326,34.978960656427525,常规培育市场,培育候选
162,533,Aruba,262227.0,1.1602967289605999,0.75,0.08320026692723849,0.3551712911044387,193501.0,125877.0,136350.0,12.476969633321136,0.30392650600526494,0.07991925940889821,0.30160973212091424,0.07987735816677917,4,一般稳定市场,11.16751269035533,63.26530612244898,38.659793814432994,17.346938775510203,40.306122448979586,11.16751269035533,51.015228426395936,28.934010152284262,10.714285714285714,34.54318325268251,常规培育市场,培育候选
163,706,Somalia,3685855.0,1.1074817554007568,1.0,-0.07215880680451152,-0.3526316750848935,5693598.0,1911908.0,1773947.0,15.120013349709769,-0.43483976962161286,-0.07489464818515223,-0.42811515767497316,-0.07485970012385186,4,一般稳定市场,38.07106598984771,17.857142857142858,25.257731958762886,64.54081632653062,43.87755102040817,38.07106598984771,21.82741116751269,54.18781725888324,37.755102040816325,33.878077003997475,常规培育市场,培育候选
164,232,Eritrea,1536860.0,2.2353851945967396,0.5,35.059561128526646,-0.4758187879976466,2931925.0,41470.0,1495390.0,14.245252582517042,-0.6459175204082506,3.5851486023063313,-0.6243598651535037,1.8920656403315852,2,低基数恢复市场,25.380710659898476,11.224489795918368,100.0,11.479591836734695,12.244897959183675,25.380710659898476,55.329949238578685,12.055837563451778,25.0,33.29081632653062,低活跃脉冲市场,观察名单
165,70,Bosnia Herzegovina,1339436.0,1.2491288387647936,0.9166666666666666,0.06254927564797477,0.1148272871489519,1201474.0,649408.0,690028.0,14.107759934385935,0.10869940776792753,0.060670907174188216,0.10859259084343797,0.06065239399269543,4,一般稳定市场,24.36548223350254,45.40816326530612,34.5360824742268,25.765306122448976,34.69387755102041,24.36548223350254,40.101522842639596,30.329949238578685,23.97959183673469,33.23374710709026,常规培育市场,培育候选
166,540,New Caledonia,1075909.0,0.6756184230290782,1.0,0.20614656531750897,-0.8755339420809061,8644196.0,487687.0,588222.0,13.88867737308291,-2.0837214136411344,0.187430270578405,-1.5572438775095536,0.18688383497117322,4,一般稳定市场,22.33502538071066,3.061224489795918,46.90721649484536,64.54081632653062,63.265306122448976,22.33502538071066,25.126903553299496,63.83248730964467,21.93877551020408,32.672259625499684,常规培育市场,培育候选
167,68,Bolivia (Plurinational State of),2548218.0,1.0079115794365314,1.0,0.025381872634408515,-0.4766136348558644,4868713.0,1258142.0,1290076.0,14.750905241745242,-0.6474351527336228,0.025065082200644184,-0.6257291594056895,0.025063789675765575,4,一般稳定市场,32.48730964467005,10.204081632653061,31.443298969072163,64.54081632653062,50.51020408163265,32.48730964467005,21.065989847715738,57.48730964467005,32.142857142857146,32.513149589732805,常规培育市场,培育候选
168,270,Gambia,1666977.0,1.0306267563318654,0.75,0.25410632983966824,-0.3281582940547033,2481205.0,739529.0,927448.0,14.326522964285317,-0.3977323259776071,0.22642295716755,-0.3925710106258597,0.22546081919546582,4,一般稳定市场,26.903553299492383,20.408163265306122,48.96907216494845,17.346938775510203,48.97959183673469,26.903553299492383,34.77157360406092,33.24873096446701,26.53061224489796,31.936671575846834,常规培育市场,培育候选
169,140,Central African Rep.,4691155.0,1.081341595698857,0.8333333333333334,-0.22114113950138234,-0.234601618492432,6129037.0,2637171.0,2053984.0,15.361189591927127,-0.2673587705541536,-0.24992532222329977,-0.265777538882859,-0.2486325862181062,4,一般稳定市场,42.13197969543147,22.95918367346939,20.618556701030926,20.918367346938776,45.91836734693877,42.13197969543147,22.081218274111677,33.50253807106599,41.83673469387755,31.394119503471494,常规培育市场,培育候选
170,598,Papua New Guinea,3024010.0,1.6186288297036986,1.0,-0.3279108575953182,-0.2443509548408732,4001871.0,1808522.0,1215488.0,14.922094653841082,-0.2801781557652383,-0.39736402509167945,-0.27835968186765475,-0.3922169569545074,4,一般稳定市场,37.055837563451774,21.93877551020408,15.979381443298967,64.54081632653062,25.0,37.055837563451774,19.289340101522843,44.79695431472081,36.734693877551024,29.90505996212918,常规培育市场,培育候选
171,470,Malta,424435.0,0.8967615968134345,1.0,-0.11435133970420326,-0.211398110781625,538212.0,225087.0,199348.0,12.958516507760667,-0.23749316381192997,-0.12143437933971946,-0.23638363803138637,-0.12128594484432245,4,一般稳定市场,14.213197969543149,23.46938775510204,24.742268041237114,64.54081632653062,55.10204081632653,14.213197969543149,24.36548223350254,59.77157360406091,13.77551020408163,29.667841363349464,常规培育市场,培育候选
172,296,Kiribati,603503.0,2.725767990781706,0.3333333333333333,10.76228641515818,-0.4559928824211307,1109366.0,47288.0,556215.0,13.310507947501073,-0.6087921928512383,2.4648789977043073,-0.5906616326175557,1.6865765373163017,2,低基数恢复市场,17.258883248730964,12.244897959183673,94.84536082474226,7.3979591836734695,6.632653061224488,17.258883248730964,53.299492385786806,7.233502538071063,16.83673469387755,28.816010940458657,低活跃脉冲市场,观察名单
173,478,Mauritania,4872430.0,1.7089589292781409,1.0,-0.6478940699625317,-0.3573771590162565,7582099.0,3603586.0,1268844.0,15.399103549155322,-0.44219721494827446,-1.0438227004329121,-0.4351299033468066,-0.9583480932512114,4,一般稳定市场,44.16243654822335,16.83673469387755,7.216494845360824,64.54081632653062,21.42857142857143,44.16243654822335,12.436548223350254,43.02030456852791,43.87755102040816,28.484115295602777,常规培育市场,培育候选
174,729,Sudan,3747528.0,1.9969157356303635,0.4166666666666667,0.17784064427570703,-0.3559651531201816,5818828.0,1720754.0,2026774.0,15.136607247421276,-0.4400023492932146,0.16368271182688865,-0.4330384526772786,0.16331832610723657,2,低基数恢复市场,38.578680203045685,17.346938775510203,45.876288659793815,9.183673469387756,16.83673469387756,38.578680203045685,31.725888324873097,13.197969543147202,38.265306122448976,28.43546181359142,低活跃脉冲市场,观察名单
175,234,Faroe Isds,195548.0,3.4641016151377544,0.08333333333333333,-1.0,,0.0,195548.0,0.0,12.183566266388944,12.183566266388944,-12.183566266388944,2.0,-2.0,5,脉冲式高增长市场,8.629441624365482,99.48979591836735,0.25773195876288657,0.5102040816326531,0.7653061224489761,8.629441624365482,50.12690355329949,0.8883248730964455,8.16326530612245,27.53879128971176,低基数暴增市场,观察名单
176,499,Montenegro,41783.0,1.6634396453893379,0.6666666666666666,0.25927327781983345,0.0556594239514907,39580.0,18494.0,23289.0,10.640268770116135,0.05416428599324341,0.23052365861183155,0.05415237884542114,0.2295191824426202,4,一般稳定市场,5.0761421319796955,38.775510204081634,49.48453608247423,14.795918367346939,22.448979591836732,5.0761421319796955,44.16243654822335,18.781725888324875,4.591836734693878,25.81527456343362,常规培育市场,培育候选
177,60,Bermuda,25775.0,3.4641016151377553,0.08333333333333333,-1.0,,0.0,25775.0,0.0,10.157199105416755,10.157199105416755,-10.157199105416755,2.0,-2.0,5,脉冲式高增长市场,3.0456852791878175,99.48979591836735,0.25773195876288657,0.5102040816326531,0.0,3.0456852791878175,50.12690355329949,0.5076142131979695,2.5510204081632653,25.74032190195666,低基数暴增市场,观察名单
178,308,Grenada,328983.0,1.4099652208561104,0.8333333333333334,-0.3110021562788787,0.0761664251436871,305699.0,194780.0,134203.0,12.70376439634608,0.0734048884671541,-0.3725148201645059,0.07337217693270015,-0.3682682691810823,4,一般稳定市场,12.18274111675127,41.3265306122449,17.525773195876287,20.918367346938776,28.06122448979592,12.18274111675127,29.69543147208122,24.619289340101524,11.73469387755102,23.658215863665053,常规培育市场,培育候选
179,8,Albania,568342.0,1.2658194761740411,1.0,-0.6815704923737169,-0.209767953404365,719209.0,431075.0,137267.0,13.25048038868465,-0.23542827769638563,-1.1443491893339086,-0.23434722197411986,-1.0339126793374411,4,一般稳定市场,16.751269035532996,23.97959183673469,6.185567010309279,64.54081632653062,32.653061224489804,16.751269035532996,15.482233502538072,48.60406091370558,16.3265306122449,23.48201136124553,常规培育市场,培育候选
180,108,Burundi,235966.0,1.7788199641358984,0.5833333333333334,1.2877166583068607,-0.913955823805728,2742382.0,71772.0,164194.0,12.371447243722075,-2.452890564694483,0.8275463851213392,-1.6830914318944596,0.7833501436647653,2,低基数恢复市场,10.65989847715736,2.0408163265306123,76.28865979381443,13.26530612244898,19.89795918367348,10.65989847715736,39.08629441624366,16.751269035533,10.204081632653061,23.140385019987377,低活跃脉冲市场,观察名单
181,584,Marshall Isds,4104.0,2.5676447064213095,0.25,17.267605633802816,-0.7645438898450947,17430.0,213.0,3891.0,8.31996102188653,-1.4460444873283365,2.9007024282840446,-1.2376706603510728,1.7923976608187135,2,低基数恢复市场,1.5228426395939088,4.081632653061225,96.90721649484536,4.846938775510204,8.673469387755105,1.5228426395939088,50.253807106598984,6.9796954314720825,1.0204081632653061,22.493688196928257,低活跃脉冲市场,观察名单
182,796,Turks and Caicos Isds,37186.0,2.42948703388105,0.25,9.330286410725167,-0.9604310384272012,939777.0,3282.0,33904.0,10.523714516819444,-3.2296844393213995,2.3348048576163496,-1.8477485841326642,1.6469639111493573,2,低基数恢复市场,4.568527918781726,1.530612244897959,93.81443298969072,4.846938775510204,9.693877551020407,4.568527918781726,47.461928934010146,7.4873096446700504,4.081632653061225,22.308804965285084,低活跃脉冲市场,观察名单
183,748,Eswatini,209594.0,2.06868834283202,0.4166666666666667,0.2536989247311828,-0.2391983767164808,275491.0,93000.0,116594.0,12.252932376182658,-0.27338149285831115,0.22609614556667346,-0.2716925899584609,0.22514003263452198,2,低基数恢复市场,10.152284263959391,22.448979591836736,48.45360824742268,9.183673469387756,15.306122448979593,10.152284263959391,35.53299492385787,12.43654822335025,9.693877551020408,21.42541552703556,低活跃脉冲市场,观察名单
184,96,Brunei Darussalam,421916.0,1.3541294467488927,1.0,-0.5650921482670548,-0.5635980744844364,966806.0,294037.0,127879.0,12.952563891209161,-0.8291902769567301,-0.8326166864954399,-0.7847358938650069,-0.7876354535025929,4,一般稳定市场,13.705583756345177,7.653061224489796,10.309278350515463,64.54081632653062,30.612244897959187,13.705583756345177,9.390862944162436,47.588832487309645,13.26530612244898,19.000631180307174,常规培育市场,培育候选
185,442,Luxembourg,370070.0,1.0664566382659468,0.9166666666666666,-0.5871038434959893,-0.4517757624060418,675034.0,261923.0,108147.0,12.821450158103405,-0.6010696622588529,-0.8845537259508944,-0.5836050766239532,-0.8310643932229038,4,一般稳定市场,13.19796954314721,12.755102040816327,9.278350515463918,25.765306122448976,47.95918367346938,13.19796954314721,11.421319796954315,36.92893401015228,12.755102040816327,18.64138438880707,常规培育市场,培育候选
186,92,Br. Virgin Isds,206636.0,2.0490991606257825,0.25,0.35206538194483966,-0.6292480573004415,557343.0,87853.0,118783.0,12.238718909662012,-0.9922190128694997,0.3016303719700453,-0.9181063877410243,0.29936700284558354,2,低基数恢复市场,9.644670050761421,5.1020408163265305,53.608247422680414,4.846938775510204,15.816326530612244,9.644670050761421,29.441624365482234,10.532994923857872,9.183673469387756,17.6094045865769,低活跃脉冲市场,观察名单
187,418,Lao People's Dem. Rep.,970998.0,1.8857257842621398,0.9166666666666666,-0.5175059849521204,-0.4571056683652417,1788558.0,654976.0,316022.0,13.786080717406815,-0.6108401082681656,-0.7287851247665529,-0.5925301026686902,-0.6981559179318598,4,一般稳定市场,21.31979695431472,11.73469387755102,11.34020618556701,25.765306122448976,19.387755102040813,21.31979695431472,11.928934010152286,22.715736040609137,20.918367346938776,16.96191878813381,常规培育市场,培育候选
188,626,Timor-Leste,119842.0,1.9114542702361095,0.8333333333333334,-0.7603620377553659,-0.3512445459762026,184726.0,96675.0,23167.0,11.693937831815553,-0.43269650668754345,-1.4285931651724244,-0.4260723385253868,-1.2267485522604762,4,一般稳定市场,6.598984771573605,18.367346938775512,4.123711340206185,20.918367346938776,18.367346938775512,6.598984771573605,11.6751269035533,19.796954314720814,6.122448979591836,12.10025247212287,常规培育市场,培育候选
189,64,Bhutan,504638.0,2.7674898731128375,0.4166666666666667,-0.795952452531268,-0.3764196629262077,809259.0,419118.0,85520.0,13.131598601144194,-0.4722769276887391,-1.589392929325987,-0.4636908372574106,-1.3221279412172686,3,边缘收缩市场,15.736040609137056,14.795918367346939,3.608247422680412,9.183673469387756,6.122448979591837,15.736040609137056,9.644670050761423,7.8680203045685255,15.306122448979592,10.849200504944246,边缘沉寂市场,低优先级
190,184,Cook Isds,2615.0,2.5902587672787933,0.16666666666666666,-0.6090425531914894,-0.1044520547945205,2920.0,1880.0,735.0,7.86940171257709,-0.11027958981065122,-0.9383287105721534,-0.1102077687443541,-0.875717017208413,3,边缘收缩市场,1.015228426395939,29.081632653061224,8.24742268041237,2.0408163265306123,8.16326530612244,1.015228426395939,19.03553299492386,5.329949238578681,0.5102040816326531,10.501525352409002,边缘沉寂市场,低优先级
191,136,Cayman Isds,639507.0,3.089808695544873,0.4166666666666667,-0.9003707231853306,-0.8814289994608276,5393452.0,581566.0,57941.0,13.368454409696048,-2.132241958870594,-2.306283674369187,-1.5759911512741924,-1.6375895807239014,3,边缘收缩市场,17.766497461928935,2.5510204081632653,2.0618556701030926,9.183673469387756,3.5714285714285694,17.766497461928935,2.7918781725888326,6.598984771573606,17.346938775510203,7.708289501367557,边缘沉寂市场,低优先级
192,20,Andorra,27409.0,3.1256168591535345,0.25,-0.8981306532663317,-0.5935131768230286,67429.0,24875.0,2534.0,10.218663189296832,-0.9001821124317964,-2.283709846198496,-0.8439654990615576,-1.630194461673173,3,边缘收缩市场,3.5532994923857872,6.122448979591836,2.5773195876288657,4.846938775510204,3.0612244897959187,3.5532994923857872,4.822335025380712,4.187817258883252,3.061224489795918,3.908321060382916,边缘沉寂市场,低优先级
193,678,Sao Tome and Principe,920.0,2.6187690883437886,0.16666666666666666,-0.6329866270430906,-0.977,40000.0,673.0,247.0,6.825460036255307,-3.7711996965282717,-0.9998013647473245,-1.9100684261974585,-0.9260869565217391,3,边缘收缩市场,0.5076142131979695,0.5102040816326531,7.731958762886598,2.0408163265306123,7.653061224489804,0.5076142131979695,4.568527918781726,5.076142131979697,0.0,3.0259835893120144,边缘沉寂市场,低优先级
194,795,Turkmenistan,32656.0,3.3560889861879977,0.25,-0.9728233517866129,-0.9766576793204308,1399004.0,31792.0,864.0,10.393814506824773,-3.757457320797874,-3.604271911818988,-1.908760459885727,-1.8941695247427732,3,边缘收缩市场,4.060913705583756,1.0204081632653061,1.0309278350515463,4.846938775510204,1.5306122448979522,4.060913705583756,1.5228426395939088,3.4263959390862992,3.571428571428571,2.2470018935409204,边缘沉寂市场,低优先级
195,226,Equatorial Guinea,5313.0,3.2225122557101016,0.16666666666666666,-0.9292623941958887,-0.993719256808276,845919.0,4962.0,351.0,8.57810012631976,-5.0700799451495175,-2.6461344999893432,-1.975033833314537,-1.735742518351214,3,边缘收缩市场,2.5380710659898478,0.0,1.5463917525773196,2.0408163265306123,2.551020408163268,2.5380710659898478,1.2690355329949239,2.5380710659898438,2.0408163265306123,1.5082579423521991,边缘沉寂市场,低优先级
196,659,Saint Kitts and Nevis,71230.0,2.8006344050567984,0.25,,-0.0600422275006597,75780.0,0.0,71230.0,11.173683395902353,-0.06191948467712649,11.173683395902353,-0.06190055098292633,2.0,2,低基数恢复市场,5.583756345177665,32.6530612244898,,4.846938775510204,5.612244897959187,5.583756345177665,66.37055837563452,5.4568527918781715,5.1020408163265305,,低活跃脉冲市场,观察名单
197,674,San Marino,4650.0,3.4641016151377544,0.08333333333333333,,-0.7900677200902935,22150.0,0.0,4650.0,8.444837529224097,-1.5608003919569633,8.444837529224097,-1.3059701492537314,2.0,2,低基数恢复市场,2.030456852791878,3.571428571428571,,0.5102040816326531,0.7653061224489761,2.030456852791878,51.90355329949239,0.8883248730964455,1.530612244897959,,低活跃脉冲市场,观察名单
