destination_code,destination,2023,2024,growth_2024,export_share_2024,export_increment_2024
842,USA,13564931937.0,15336139169.0,0.13057251154860694,0.2508900897990915,1771207232.0
276,Germany,9335448251.0,10254026944.0,0.09839684911772739,0.16774976494623278,918578693.0
410,Rep. of Korea,7850429969.0,3788155735.0,-0.5174588207322686,0.06197196843702517,-4062274234.0
704,Viet Nam,3284244905.0,3709583575.0,0.12950881627385824,0.06068657476258879,425338670.0
528,Netherlands,3639931136.0,2407019653.0,-0.33871835398371664,0.03937740589300648,-1232911483.0
392,Japan,2426182191.0,2327215411.0,-0.040791157550789214,0.038071856091906574,-98966780.0
699,India,2200897362.0,2158380442.0,-0.019317993075953388,0.03530981669810268,-42516920.0
826,United Kingdom,1588373526.0,1630275744.0,0.026380581968979522,0.02667033881879614,41902218.0
36,Australia,723825408.0,1456510643.0,1.0122402818443201,0.023827645405974113,732685235.0
724,Spain,1864473270.0,1170299687.0,-0.3723161893331943,0.019145404871963225,-694173583.0
344,"China, Hong Kong SAR",1273895642.0,1167691542.0,-0.0833695449599473,0.01910273717535144,-106204100.0
251,France,309347558.0,972602996.0,2.1440461411368243,0.015911204920372186,663255438.0
348,Hungary,533645620.0,734234463.0,0.375883986455281,0.012011637891759517,200588843.0
56,Belgium,1438323802.0,728900171.0,-0.49322943137945796,0.01192437205619643,-709423631.0
246,Finland,519385653.0,708122878.0,0.3633855188525972,0.011584467935015197,188737225.0
682,Saudi Arabia,260485524.0,688258730.0,1.6422148894538955,0.011259502321402588,427773206.0
490,"Other Asia, nes",604786333.0,685684320.0,0.13376292185491567,0.011217386509270075,80897987.0
616,Poland,1166676483.0,679459457.0,-0.4176110799346592,0.011115551463314447,-487217026.0
380,Italy,1638671866.0,667665780.0,-0.5925567565703236,0.010922613941752791,-971006086.0
484,Mexico,726818980.0,581774782.0,-0.19956027840659862,0.009517488442845447,-145044198.0
203,Czechia,637271882.0,546515157.0,-0.14241445066612868,0.008940662007909729,-90756725.0
124,Canada,549077164.0,538115318.0,-0.019964126572198926,0.008803245651825284,-10961846.0
764,Thailand,336515985.0,511094884.0,0.518783376664856,0.008361207467510056,174578899.0
76,Brazil,401548336.0,469840208.0,0.17007136097309083,0.007686305573870854,68291872.0
703,Slovakia,1118945450.0,447276000.0,-0.6002700578477709,0.007317168589067754,-671669450.0
152,Chile,338832607.0,440992697.0,0.30150607671592833,0.007214377499567769,102160090.0
360,Indonesia,364826284.0,439934833.0,0.20587482945718905,0.007197071475474579,75108549.0
710,South Africa,1675922000.0,419252392.0,-0.749837765719407,0.006858719076440321,-1256669608.0
705,Slovenia,294485709.0,371241729.0,0.26064429496644936,0.00607329326498628,76756020.0
458,Malaysia,272020014.0,328871806.0,0.2089985628778035,0.005380146595599103,56851792.0
643,Russian Federation,315209420.0,326426376.0,0.035585725832686155,0.00534014081933844,11216956.0
792,Türkiye,618308945.0,323939530.0,-0.47608791265343897,0.005299457502019718,-294369415.0
784,United Arab Emirates,152481424.0,303290372.0,0.9890316082042885,0.004961649593014323,150808948.0
566,Nigeria,164446816.0,292523323.0,0.7788323916225901,0.0047855070932160924,128076507.0
376,Israel,255196725.0,290245295.0,0.13733941922648096,0.004748239913831066,35048570.0
40,Austria,395661215.0,182795717.0,-0.5379994043641604,0.002990428904409176,-212865498.0
702,Singapore,129446010.0,150141136.0,0.15987457628087576,0.00245621943557479,20695126.0
586,Pakistan,86272327.0,147114871.0,0.7052382393719367,0.0024067115451442836,60842544.0
860,Uzbekistan,10266097.0,146837513.0,13.303148801340958,0.0024021741336902225,136571416.0
804,Ukraine,58073481.0,145053657.0,1.497760673240855,0.002372991313483862,86980176.0
752,Sweden,134289423.0,144352878.0,0.07493855268109995,0.002361526987012783,10063455.0
642,Romania,29267639.0,142004192.0,3.8519182568843355,0.002323103884890641,112736553.0
608,Philippines,132767552.0,141528229.0,0.06598507593180591,0.0023153174140914962,8760677.0
104,Myanmar,70814387.0,102955104.0,0.4538726996252893,0.0016842840954421965,32140717.0
554,New Zealand,33221180.0,83120484.0,1.5020328597599484,0.001359801542298064,49899304.0
208,Denmark,37704496.0,71759558.0,0.9032095800988826,0.0011739435689886908,34055062.0
100,Bulgaria,79187825.0,68850612.0,-0.13054043345678457,0.0011263549474250605,-10337213.0
496,Mongolia,52283942.0,63852471.0,0.22126351911261777,0.0010445883417298484,11568529.0
50,Bangladesh,72950227.0,63615488.0,-0.12796038318016478,0.0010407114411947358,-9334739.0
32,Argentina,68939228.0,59541963.0,-0.13631230393238525,0.000974071001786446,-9397265.0
466,Mali,12000728.0,57905196.0,3.825140274823327,0.0009472944698911002,45904468.0
591,Panama,39663291.0,51771591.0,0.3052772398538488,0.0008469523503860319,12108300.0
579,Norway,47643847.0,47039485.0,-0.012684995819082334,0.0007695379186183112,-604362.0
757,Switzerland,44143768.0,46866348.0,0.061675296952448555,0.0007667055005632279,2722580.0
428,Latvia,1289182.0,46507639.0,35.07530899438559,0.0007608372352697271,45218457.0
620,Portugal,67191926.0,44546259.0,-0.33702958596543287,0.0007287502283048425,-22645667.0
422,Lebanon,64142265.0,44129527.0,-0.312005477199784,0.0007219327413382729,-20012738.0
404,Kenya,34415473.0,44079398.0,0.2808017486785668,0.0007211126607969486,9663925.0
368,Iraq,14540243.0,41527908.0,1.8560669859506476,0.0006793718061941519,26987665.0
818,Egypt,35057465.0,40141594.0,0.14502272197946997,0.0006566925359999433,5084129.0
300,Greece,42751547.0,39711340.0,-0.07111337982693355,0.0006496538371783639,-3040207.0
170,Colombia,38051394.0,37620656.0,-0.01131990065856725,0.0006154514938948733,-430738.0
372,Ireland,34510622.0,37425870.0,0.08447393385143864,0.0006122649111120051,2915248.0
688,Serbia,1755741.0,36997999.0,20.072583598605945,0.0006052651967491218,35242258.0
716,Zimbabwe,39283958.0,36872694.0,-0.06138037312838995,0.0006032152816853733,-2411264.0
400,Jordan,27584634.0,36751296.0,0.3323104450107983,0.0006012292828113545,9166662.0
894,Zambia,4340651.0,34999502.0,7.063191903702924,0.0005725709778021044,30658851.0
504,Morocco,40954385.0,33043099.0,-0.193173111987886,0.0005405653915887642,-7911286.0
604,Peru,47415780.0,30173767.0,-0.3636344904586617,0.0004936248314379693,-17242013.0
288,Ghana,10177947.0,28610094.0,1.8109886993909479,0.0004680440737868247,18432147.0
231,Ethiopia,24629091.0,27546946.0,0.11847189163416538,0.0004506516066051959,2917855.0
180,Dem. Rep. of the Congo,19757549.0,26547467.0,0.3436619592845247,0.00043430072628916546,6789918.0
364,Iran,11643231.0,25529245.0,1.1926254834246612,0.0004176432216721108,13886014.0
214,Dominican Rep.,19703807.0,23300139.0,0.18251965216671073,0.0003811763770283059,3596332.0
686,Senegal,6836032.0,22876993.0,2.346530999269752,0.00037425396084726857,16040961.0
834,United Rep. of Tanzania,16755295.0,22244334.0,0.3276002600968828,0.00036390403694705703,5489039.0
116,Cambodia,10239262.0,21986196.0,1.1472442056859178,0.0003596810532295207,11746934.0
508,Mozambique,17128247.0,20212467.0,0.18006629633493731,0.00033066390470306596,3084220.0
120,Cameroon,17619937.0,19994362.0,0.13475785980392563,0.00032709583698845886,2374425.0
384,Côte d'Ivoire,7999553.0,19963323.0,1.495554814125239,0.00032658805746119585,11963770.0
398,Kazakhstan,16186332.0,17947541.0,0.10880840699424676,0.0002936110662235525,1761209.0
450,Madagascar,7263267.0,17930727.0,1.4686861986486246,0.00029333599921200576,10667460.0
233,Estonia,6860413.0,16160329.0,1.3555912741696456,0.00026437334385882703,9299916.0
388,Jamaica,10571334.0,15436726.0,0.460243901100845,0.0002525356303607739,4865392.0
887,Yemen,2243697.0,15205817.0,5.777125877513764,0.00024875809684291684,12962120.0
440,Lithuania,15578708.0,15132558.0,-0.028638446782621507,0.0002475596232971274,-446150.0
191,Croatia,12142478.0,14542584.0,0.1976619599393139,0.0002379080005381002,2400106.0
112,Belarus,11088186.0,14252727.0,0.28539753932699186,0.00023316611289887648,3164541.0
854,Burkina Faso,6363158.0,14114746.0,1.2181982594177292,0.00023090882603553448,7751588.0
800,Uganda,5575576.0,13913583.0,1.4954521290715075,0.00022761791933613047,8338007.0
148,Chad,6346395.0,13587494.0,1.14097830343053,0.00022228329778692927,7241099.0
12,Algeria,18573541.0,11727414.0,-0.36859568135122966,0.00019185349840320837,-6846127.0
858,Uruguay,7519048.0,11165271.0,0.484931470047804,0.00018265717420480666,3646223.0
862,Venezuela,1553354.0,10764779.0,5.930023034028302,0.00017610536395213736,9211425.0
144,Sri Lanka,5650523.0,10341816.0,0.8302404927827034,0.00016918594154195245,4691293.0
324,Guinea,5538572.0,9119939.0,0.6466228118005868,0.00014919676259180905,3581367.0
512,Oman,4824112.0,8889822.0,0.8427893050575941,0.00014543218572157568,4065710.0
434,Libya,9526556.0,8492317.0,-0.10856378737499683,0.00013892924100735587,-1034239.0
694,Sierra Leone,1574410.0,8251574.0,4.241057920109755,0.00013499082911483775,6677164.0
218,Ecuador,3464243.0,8008229.0,1.3116822347623995,0.00013100985005424273,4543986.0
258,French Polynesia,1558985.0,7492319.0,3.8058955025224748,0.000122569870160875,5933334.0
340,Honduras,3984552.0,7072441.0,0.7749651654690415,0.000115700916510689,3087889.0
768,Togo,11400000.0,7070950.0,-0.3797412280701754,0.00011567652463997316,-4329050.0
531,Curaçao,712768.0,6846330.0,8.605271280416629,0.00011200187541113817,6133562.0
462,Maldives,2772701.0,5964736.0,1.1512366461439587,9.757952338440166e-05,3192035.0
332,Haiti,4568347.0,5829475.0,0.27605783886381663,9.536673409875724e-05,1261128.0
204,Benin,13543525.0,5816084.0,-0.5705634980553438,9.514766532561447e-05,-7727441.0
516,Namibia,4501083.0,5458389.0,0.21268348084227728,8.929598846732879e-05,957306.0
728,South Sudan,1665380.0,5081968.0,2.051536586244581,8.313796541787951e-05,3416588.0
262,Djibouti,9111607.0,5080608.0,-0.4424026409391889,8.311571662903071e-05,-4030999.0
320,Guatemala,5584964.0,5051684.0,-0.09548494851533507,8.264253724030832e-05,-533280.0
478,Mauritania,7582099.0,4872430.0,-0.35737715901625655,7.97100487136162e-05,-2709669.0
414,Kuwait,3683852.0,4862212.0,0.3198716995145299,7.954288832798609e-05,1178360.0
524,Nepal,4052039.0,4795398.0,0.1834530714042979,7.844985113817493e-05,743359.0
188,Costa Rica,3736038.0,4781019.0,0.27970299017301214,7.821461927430966e-05,1044981.0
140,Central African Rep.,6129037.0,4691155.0,-0.234601618492432,7.674449783231862e-05,-1437882.0
600,Paraguay,5335309.0,4618752.0,-0.13430468600787693,7.556002793598107e-05,-716557.0
192,Cuba,1743882.0,4590369.0,1.6322704173791576,7.50956989845875e-05,2846487.0
480,Mauritius,3869817.0,4488348.0,0.15983468985742744,7.342669627345325e-05,618531.0
90,Solomon Isds,2089488.0,4394370.0,1.1030845834003355,7.188927224519461e-05,2304882.0
417,Kyrgyzstan,3162064.0,4311378.0,0.36346955659341496,7.053157262450423e-05,1149314.0
328,Guyana,1356650.0,3996333.0,1.945736188405263,6.537762432827808e-05,2639683.0
729,Sudan,5818828.0,3747528.0,-0.3559651531201816,6.13073229242166e-05,-2071300.0
706,Somalia,5693598.0,3685855.0,-0.35263167508489357,6.029838942813459e-05,-2007743.0
646,Rwanda,3631498.0,3418235.0,-0.05872590319476978,5.5920285845992214e-05,-213263.0
598,Papua New Guinea,4001871.0,3024010.0,-0.2443509548408732,4.947099997546655e-05,-977861.0
762,Tajikistan,4570838.0,3013623.0,-0.34068479346675595,4.930107485063391e-05,-1557215.0
24,Angola,2519493.0,2960042.0,0.17485621115041794,4.842452164820221e-05,440549.0
634,Qatar,2537423.0,2949276.0,0.1623115263005026,4.824839630941832e-05,411853.0
899,"Areas, nes",3893207.0,2944608.0,-0.2436549096927032,4.817203061357556e-05,-948599.0
760,Syria,1850053.0,2860345.0,0.5460881390965555,4.6793538190953694e-05,1010292.0
788,Tunisia,2816798.0,2787529.0,-0.010390876449074438,4.560231186094369e-05,-29269.0
558,Nicaragua,3168787.0,2683688.0,-0.15308665429389856,4.3903535035320616e-05,-485099.0
446,"China, Macao SAR",617191.0,2658752.0,3.3078269125764956,4.3495596948016595e-05,2041561.0
178,Congo,850981.0,2625716.0,2.085516597902891,4.2955147691833736e-05,1774735.0
68,Bolivia (Plurinational State of),4868713.0,2548218.0,-0.4766136348558644,4.168732663433105e-05,-2320495.0
4,Afghanistan,2386507.0,2533001.0,0.061384274171414566,4.143838559027806e-05,146494.0
520,Nauru,,2349396.0,,3.843471729867336e-05,
222,El Salvador,1900140.0,2253045.0,0.18572578862610123,3.68584724057543e-05,352905.0
196,Cyprus,1195891.0,2043927.0,0.7091248282661213,3.34374266509884e-05,848036.0
266,Gabon,1580734.0,2029572.0,0.283942775950919,3.320258741280869e-05,448838.0
72,Botswana,1793823.0,1995196.0,0.11225912478544431,3.264021655584835e-05,201373.0
430,Liberia,2129612.0,1992726.0,-0.06427743645321304,3.259980882904209e-05,-136886.0
807,North Macedonia,459876.0,1817145.0,2.951380372100305,2.9727408391645258e-05,1357269.0
454,Malawi,3654930.0,1808585.0,-0.5051656256070567,2.9587371897126392e-05,-1846345.0
174,Comoros,314.0,1769636.0,5634.783439490446,2.895018948766199e-05,1769322.0
270,Gambia,2481205.0,1666977.0,-0.3281582940547033,2.727074947705309e-05,-814228.0
242,Fiji,1148283.0,1658628.0,0.4444418318480723,2.7134164816686498e-05,510345.0
426,Lesotho,49946.0,1577600.0,30.586113002042204,2.5808595064598343e-05,1527654.0
232,Eritrea,2931925.0,1536860.0,-0.47581878799764665,2.514211296334851e-05,-1395065.0
624,Guinea-Bissau,136186.0,1386295.0,9.179423729311383,2.2678959365540923e-05,1250109.0
70,Bosnia Herzegovina,1201474.0,1339436.0,0.11482728714895196,2.1912374073875093e-05,137962.0
212,Dominica,251467.0,1257534.0,4.000791356321108,2.0572506203070877e-05,1006067.0
562,Niger,1004927.0,1124151.0,0.11863946336400555,1.8390439877322065e-05,119224.0
352,Iceland,708591.0,1095785.0,0.5464280522896847,1.792638903578911e-05,387194.0
540,New Caledonia,8644196.0,1075909.0,-0.8755339420809061,1.7601229530525442e-05,-7568287.0
84,Belize,319328.0,1001429.0,2.1360513327988775,1.6382781152982793e-05,682101.0
418,Lao People's Dem. Rep.,1788558.0,970998.0,-0.4571056683652417,1.5884948143087513e-05,-817560.0
44,Bahamas,503003.0,958012.0,0.9045850621169258,1.5672504928388683e-05,455009.0
275,State of Palestine,856912.0,936293.0,0.09263611666075389,1.5317195042354195e-05,79381.0
548,Vanuatu,491184.0,896192.0,0.824554545750676,1.4661166599982581e-05,405008.0
498,Rep. of Moldova,1197299.0,871744.0,-0.2719078525915415,1.426121190161842e-05,-325555.0
52,Barbados,748116.0,828204.0,0.10705291692732133,1.354892347038578e-05,80088.0
636,"Rest of America, nes",711413.0,752560.0,0.05783841453557925,1.2311432747093135e-05,41147.0
740,Suriname,729672.0,676565.0,-0.07278201712550292,1.1068199873149073e-05,-53107.0
136,Cayman Isds,5393452.0,639507.0,-0.8814289994608276,1.046195309582663e-05,-4753945.0
296,Kiribati,1109366.0,603503.0,-0.4559928824211307,9.872949129862001e-06,-505863.0
8,Albania,719209.0,568342.0,-0.20976795340436505,9.29773614110291e-06,-150867.0
48,Bahrain,120458.0,513955.0,3.26667386142888,8.407997259397592e-06,393497.0
64,Bhutan,809259.0,504638.0,-0.37641966292620777,8.255576696379805e-06,-304621.0
527,"Oceania, nes",346143.0,489323.0,0.4136440719586991,8.00503243077742e-06,143180.0
780,Trinidad and Tobago,295029.0,485107.0,0.6442688684841151,7.936061185346164e-06,190078.0
583,FS Micronesia,446806.0,437289.0,-0.02130007206707163,7.1537872256612224e-06,-9517.0
470,Malta,538212.0,424435.0,-0.21139811078162507,6.943503452233011e-06,-113777.0
96,Brunei Darussalam,966806.0,421916.0,-0.5635980744844364,6.902294114652051e-06,-544890.0
442,Luxembourg,675034.0,370070.0,-0.4517757624060418,6.054124477406129e-06,-304964.0
776,Tonga,2623.0,333114.0,125.99733130003813,5.449546359247346e-06,330491.0
308,Grenada,305699.0,328983.0,0.0761664251436871,5.381965663119141e-06,23284.0
28,Antigua and Barbuda,206344.0,267914.0,0.29838522079634,4.382913246790568e-06,61570.0
533,Aruba,193501.0,262227.0,0.3551712911044387,4.289877318714776e-06,68726.0
108,Burundi,2742382.0,235966.0,-0.913955823805728,3.860263021686748e-06,-2506416.0
748,Eswatini,275491.0,209594.0,-0.2391983767164808,3.4288328308629724e-06,-65897.0
92,Br. Virgin Isds,557343.0,206636.0,-0.6292480573004415,3.3804417151168504e-06,-350707.0
670,Saint Vincent and the Grenadines,82624.0,196495.0,1.3781830945003875,3.214541003561265e-06,113871.0
234,Faroe Isds,,195548.0,,3.199048648384937e-06,
882,Samoa,28458.0,185826.0,5.529833438751845,3.0400025269232072e-06,157368.0
132,Cabo Verde,45071.0,161972.0,2.5937077056200217,2.6497653142768275e-06,116901.0
662,Saint Lucia,119725.0,129147.0,0.07869701399039464,2.112767892246249e-06,9422.0
626,Timor-Leste,184726.0,119842.0,-0.3512445459762026,1.960543642071244e-06,-64884.0
690,Seychelles,45613.0,105255.0,1.307565825532195,1.721909022264388e-06,59642.0
659,Saint Kitts and Nevis,75780.0,71230.0,-0.060042227500659795,1.165280315955464e-06,-4550.0
499,Montenegro,39580.0,41783.0,0.055659423951490705,6.835449591684284e-07,2203.0
796,Turks and Caicos Isds,939777.0,37186.0,-0.9604310384272013,6.083407809787995e-07,-902591.0
795,Turkmenistan,1399004.0,32656.0,-0.9766576793204308,5.342326828280448e-07,-1366348.0
20,Andorra,67429.0,27409.0,-0.5935131768230286,4.483948923209787e-07,-40020.0
60,Bermuda,,25775.0,,4.216636268952981e-07,
226,Equatorial Guinea,845919.0,5313.0,-0.993719256808276,8.691751114237513e-08,-840606.0
674,San Marino,22150.0,4650.0,-0.7900677200902935,7.607122657858918e-08,-17500.0
584,Marshall Isds,17430.0,4104.0,-0.7645438898450947,6.713899223194193e-08,-13326.0
184,Cook Isds,2920.0,2615.0,-0.10445205479452058,4.277984032322811e-08,-305.0
678,Sao Tome and Principe,40000.0,920.0,-0.977,1.5050651280064957e-08,-39080.0
568,"Other Europe, nes",,413.0,,6.756433672463943e-09,
473,"LAIA, nes",724279.0,,,,
577,"Other Africa, nes",562076.0,,,,
585,Palau,38868.0,,,,
798,Tuvalu,740782.0,,,,
