typeCode,freqCode,refPeriodId,refYear,refMonth,period,reporterCode,reporterISO,reporterDesc,flowCode,flowDesc,partnerCode,partnerISO,partnerDesc,partner2Code,partner2ISO,partner2Desc,classificationCode,classificationSearchCode,isOriginalClassification,cmdCode,cmdDesc,aggrLevel,isLeaf,customsCode,customsDesc,mosCode,motCode,motDesc,qtyUnitCode,qtyUnitAbbr,qty,isQtyEstimated,altQtyUnitCode,altQtyUnitAbbr,altQty,isAltQtyEstimated,netWgt,isNetWgtEstimated,grossWgt,isGrossWgtEstimated,cifvalue,fobvalue,primaryValue,legacyEstimationFlag,isReported,isAggregate
C,M,20230101,2023,1,202301,156,CHN,China,X,Export,0,W00,World,0,W00,World,H6,HS,True,850760,"Electric accumulators; lithium-ion, including separators, whether or not rectangular (including square)",6,True,C00,TOTAL CPC,0,0,TOTAL MOT,5,u,301249382.0,False,5,u,301249382.0,False,197519921.932,True,0.0,False,,5642063841.0,5642063841.0,4,False,True
C,M,20230201,2023,2,202302,156,CHN,China,X,Export,0,W00,World,0,W00,World,H6,HS,True,850760,"Electric accumulators; lithium-ion, including separators, whether or not rectangular (including square)",6,True,C00,TOTAL CPC,0,0,TOTAL MOT,5,u,237606878.0,False,5,u,237606878.0,False,151780354.479,True,0.0,False,,4608612307.0,4608612307.0,4,False,True
C,M,20230301,2023,3,202303,156,CHN,China,X,Export,0,W00,World,0,W00,World,H6,HS,True,850760,"Electric accumulators; lithium-ion, including separators, whether or not rectangular (including square)",6,True,C00,TOTAL CPC,0,0,TOTAL MOT,5,u,295369358.0,False,5,u,295369358.0,False,198540327.102,True,0.0,False,,5726202912.0,5726202912.0,4,False,True
C,M,20230401,2023,4,202304,156,CHN,China,X,Export,0,W00,World,0,W00,World,H6,HS,True,850760,"Electric accumulators; lithium-ion, including separators, whether or not rectangular (including square)",6,True,C00,TOTAL CPC,0,0,TOTAL MOT,5,u,293197022.0,False,5,u,293197022.0,False,184479745.526,True,0.0,False,,5308122952.0,5308122952.0,4,False,True
C,M,20230501,2023,5,202305,156,CHN,China,X,Export,0,W00,World,0,W00,World,H6,HS,True,850760,"Electric accumulators; lithium-ion, including separators, whether or not rectangular (including square)",6,True,C00,TOTAL CPC,0,0,TOTAL MOT,5,u,305880668.0,False,5,u,305880668.0,False,196754015.065,True,0.0,False,,5526198133.0,5526198133.0,4,False,True
C,M,20230601,2023,6,202306,156,CHN,China,X,Export,0,W00,World,0,W00,World,H6,HS,True,850760,"Electric accumulators; lithium-ion, including separators, whether or not rectangular (including square)",6,True,C00,TOTAL CPC,0,0,TOTAL MOT,5,u,310957794.0,False,5,u,310957794.0,False,184527445.0,False,0.0,False,,5225234063.0,5225234063.0,0,False,True
C,M,20230701,2023,7,202307,156,CHN,China,X,Export,0,W00,World,0,W00,World,H6,HS,True,850760,"Electric accumulators; lithium-ion, including separators, whether or not rectangular (including square)",6,True,C00,TOTAL CPC,0,0,TOTAL MOT,5,u,328577402.0,False,5,u,328577402.0,False,182962809.0,False,0.0,False,,5005586944.0,5005586944.0,0,False,True
C,M,20230801,2023,8,202308,156,CHN,China,X,Export,0,W00,World,0,W00,World,H6,HS,True,850760,"Electric accumulators; lithium-ion, including separators, whether or not rectangular (including square)",6,True,C00,TOTAL CPC,0,0,TOTAL MOT,5,u,339117295.0,False,5,u,339117295.0,False,208322069.932,True,0.0,False,,5679693998.0,5679693998.0,4,False,True
C,M,20230901,2023,9,202309,156,CHN,China,X,Export,0,W00,World,0,W00,World,H6,HS,True,850760,"Electric accumulators; lithium-ion, including separators, whether or not rectangular (including square)",6,True,C00,TOTAL CPC,0,0,TOTAL MOT,5,u,316027053.0,False,5,u,316027053.0,False,216015369.257,True,0.0,False,,5882249294.0,5882249294.0,4,False,True
C,M,20231001,2023,10,202310,156,CHN,China,X,Export,0,W00,World,0,W00,World,H6,HS,True,850760,"Electric accumulators; lithium-ion, including separators, whether or not rectangular (including square)",6,True,C00,TOTAL CPC,0,0,TOTAL MOT,5,u,303344302.0,False,5,u,303344302.0,False,216120673.469,True,0.0,False,,5589978613.0,5589978613.0,4,False,True
C,M,20231101,2023,11,202311,156,CHN,China,X,Export,0,W00,World,0,W00,World,H6,HS,True,850760,"Electric accumulators; lithium-ion, including separators, whether or not rectangular (including square)",6,True,C00,TOTAL CPC,0,0,TOTAL MOT,5,u,291825177.0,False,5,u,291825177.0,False,227110393.569,True,0.0,False,,5531617306.0,5531617306.0,4,False,True
C,M,20231201,2023,12,202312,156,CHN,China,X,Export,0,W00,World,0,W00,World,H6,HS,True,850760,"Electric accumulators; lithium-ion, including separators, whether or not rectangular (including square)",6,True,C00,TOTAL CPC,0,0,TOTAL MOT,5,u,299790633.0,False,5,u,299790633.0,False,216430410.721,True,0.0,False,,5280833943.0,5280833943.0,4,False,True
C,M,20240101,2024,1,202401,156,CHN,China,X,Export,0,W00,World,0,W00,World,H6,HS,True,850760,"Electric accumulators; lithium-ion, including separators, whether or not rectangular (including square)",6,True,C00,TOTAL CPC,0,0,TOTAL MOT,5,u,353308332.0,False,5,u,353308332.0,False,202884877.265,True,0.0,False,,5015673531.0,5015673531.0,4,False,True
C,M,20240201,2024,2,202402,156,CHN,China,X,Export,0,W00,World,0,W00,World,H6,HS,True,850760,"Electric accumulators; lithium-ion, including separators, whether or not rectangular (including square)",6,True,C00,TOTAL CPC,0,0,TOTAL MOT,5,u,241672412.0,False,5,u,241672412.0,False,154575620.503,True,0.0,False,,3709390569.0,3709390569.0,4,False,True
C,M,20240301,2024,3,202403,156,CHN,China,X,Export,0,W00,World,0,W00,World,H6,HS,True,850760,"Electric accumulators; lithium-ion, including separators, whether or not rectangular (including square)",6,True,C00,TOTAL CPC,0,0,TOTAL MOT,5,u,288226432.0,False,5,u,288226432.0,False,189974728.164,True,0.0,False,,4472355410.0,4472355410.0,4,False,True
C,M,20240401,2024,4,202404,156,CHN,China,X,Export,0,W00,World,0,W00,World,H6,HS,True,850760,"Electric accumulators; lithium-ion, including separators, whether or not rectangular (including square)",6,True,C00,TOTAL CPC,0,0,TOTAL MOT,5,u,286786244.0,False,5,u,286786244.0,False,192982617.747,True,0.0,False,,4301534133.0,4301534133.0,4,False,True
C,M,20240501,2024,5,202405,156,CHN,China,X,Export,0,W00,World,0,W00,World,H6,HS,True,850760,"Electric accumulators; lithium-ion, including separators, whether or not rectangular (including square)",6,True,C00,TOTAL CPC,0,0,TOTAL MOT,5,u,320474350.0,False,5,u,320474350.0,False,219058304.465,True,0.0,False,,4636738684.0,4636738684.0,4,False,True
C,M,20240601,2024,6,202406,156,CHN,China,X,Export,0,W00,World,0,W00,World,H6,HS,True,850760,"Electric accumulators; lithium-ion, including separators, whether or not rectangular (including square)",6,True,C00,TOTAL CPC,0,0,TOTAL MOT,5,u,344111343.0,False,5,u,344111343.0,False,249952832.767,True,0.0,False,,5114441644.0,5114441644.0,4,False,True
C,M,20240701,2024,7,202407,156,CHN,China,X,Export,0,W00,World,0,W00,World,H6,HS,True,850760,"Electric accumulators; lithium-ion, including separators, whether or not rectangular (including square)",6,True,C00,TOTAL CPC,0,0,TOTAL MOT,5,u,327733627.0,False,5,u,327733627.0,False,281209572.391,True,0.0,False,,5351699905.0,5351699905.0,4,False,True
C,M,20240801,2024,8,202408,156,CHN,China,X,Export,0,W00,World,0,W00,World,H6,HS,True,850760,"Electric accumulators; lithium-ion, including separators, whether or not rectangular (including square)",6,True,C00,TOTAL CPC,0,0,TOTAL MOT,5,u,368599149.0,False,5,u,368599149.0,False,302582883.792,True,0.0,False,,5791441589.0,5791441589.0,4,False,True
C,M,20240901,2024,9,202409,156,CHN,China,X,Export,0,W00,World,0,W00,World,H6,HS,True,850760,"Electric accumulators; lithium-ion, including separators, whether or not rectangular (including square)",6,True,C00,TOTAL CPC,0,0,TOTAL MOT,5,u,322272487.0,False,5,u,322272487.0,False,278728204.343,True,0.0,False,,5299102508.0,5299102508.0,4,False,True
C,M,20241001,2024,10,202410,156,CHN,China,X,Export,0,W00,World,0,W00,World,H6,HS,True,850760,"Electric accumulators; lithium-ion, including separators, whether or not rectangular (including square)",6,True,C00,TOTAL CPC,0,0,TOTAL MOT,5,u,345651578.0,False,5,u,345651578.0,False,303388652.949,True,0.0,False,,5590186317.0,5590186317.0,4,False,True
C,M,20241101,2024,11,202411,156,CHN,China,X,Export,0,W00,World,0,W00,World,H6,HS,True,850760,"Electric accumulators; lithium-ion, including separators, whether or not rectangular (including square)",6,True,C00,TOTAL CPC,0,0,TOTAL MOT,5,u,364410810.0,False,5,u,364410810.0,False,321999242.224,True,0.0,False,,5795792309.0,5795792309.0,4,False,True
C,M,20241201,2024,12,202412,156,CHN,China,X,Export,0,W00,World,0,W00,World,H6,HS,True,850760,"Electric accumulators; lithium-ion, including separators, whether or not rectangular (including square)",6,True,C00,TOTAL CPC,0,0,TOTAL MOT,5,u,351165155.0,False,5,u,351165155.0,False,346023783.283,True,0.0,False,,6048566275.0,6048566275.0,4,False,True
